# To display the perf.data header info, please use --header/--header-only options.
#
#
# Total Lost Samples: 0
#
# Samples: 267  of event 'cycles'
# Event count (approx.): 22964919
#
# Children      Self  Command  Shared Object         Symbol                                       
# ........  ........  .......  ....................  .............................................
#
    89.57%     0.59%  rw_us    [kernel.vmlinux]      [k] entry_SYSCALL_64_after_hwframe
            |          
            |--88.98%--entry_SYSCALL_64_after_hwframe
            |          do_syscall_64
            |          |          
            |          |--19.88%--__x64_sys_clock_nanosleep
            |          |          common_nsleep
            |          |          hrtimer_nanosleep
            |          |          do_nanosleep
            |          |          |          
            |          |          |--16.33%--schedule
            |          |          |          |          
            |          |          |           --16.02%--__schedule
            |          |          |                     |          
            |          |          |                     |--4.32%--dequeue_task_fair
            |          |          |                     |          |          
            |          |          |                     |           --3.62%--dequeue_entity
            |          |          |                     |                     update_curr
            |          |          |                     |                     |          
            |          |          |                     |                     |--1.48%--cpuacct_charge
            |          |          |                     |                     |          
            |          |          |                     |                      --0.59%--__cgroup_account_cputime
            |          |          |                     |                                cgroup_rstat_updated
            |          |          |                     |          
            |          |          |                     |--3.95%--__perf_event_task_sched_out
            |          |          |                     |          |          
            |          |          |                     |           --3.08%--amd_pmu_disable_all
            |          |          |                     |                     x86_pmu_disable_all
            |          |          |                     |                     |          
            |          |          |                     |                      --2.50%--native_read_msr
            |          |          |                     |          
            |          |          |                     |--3.03%--pick_next_task_fair
            |          |          |                     |          newidle_balance
            |          |          |                     |          |          
            |          |          |                     |          |--1.42%--load_balance
            |          |          |                     |          |          |          
            |          |          |                     |          |          |--0.88%--find_busiest_group
            |          |          |                     |          |          |          update_sd_lb_stats.constprop.0
            |          |          |                     |          |          |          |          
            |          |          |                     |          |          |           --0.56%--idle_cpu
            |          |          |                     |          |          |          
            |          |          |                     |          |           --0.53%--_raw_spin_rq_lock_irqsave
            |          |          |                     |          |                     raw_spin_rq_lock_nested
            |          |          |                     |          |                     _raw_spin_lock
            |          |          |                     |          |                     __pv_queued_spin_lock_slowpath
            |          |          |                     |          |          
            |          |          |                     |          |--0.65%--__msecs_to_jiffies
            |          |          |                     |          |          
            |          |          |                     |           --0.53%--update_blocked_averages
            |          |          |                     |                     update_rq_clock
            |          |          |                     |                     sched_clock_cpu
            |          |          |                     |                     kvm_sched_clock_read
            |          |          |                     |                     pvclock_clocksource_read
            |          |          |                     |          
            |          |          |                     |--1.61%--psi_task_switch
            |          |          |                     |          psi_group_change
            |          |          |                     |          |          
            |          |          |                     |           --0.52%--sched_clock_cpu
            |          |          |                     |                     kvm_sched_clock_read
            |          |          |                     |                     pvclock_clocksource_read
            |          |          |                     |          
            |          |          |                      --0.86%--update_rq_clock
            |          |          |          
            |          |           --2.96%--hrtimer_start_range_ns
            |          |                     |          
            |          |                     |--1.56%--enqueue_hrtimer
            |          |                     |          |          
            |          |                     |           --0.97%--timerqueue_add
            |          |                     |          
            |          |                      --1.02%--ktime_get
            |          |                                kvm_clock_get_cycles
            |          |                                pvclock_clocksource_read
            |          |          
            |          |--9.33%--__do_sys_clone3
            |          |          kernel_clone
            |          |          copy_process
            |          |          |          
            |          |          |--6.92%--perf_event_init_task
            |          |          |          inherit_task_group.isra.0
            |          |          |          inherit_event.constprop.0
            |          |          |          perf_event_alloc
            |          |          |          |          
            |          |          |          |--4.93%--perf_try_init_event
            |          |          |          |          x86_pmu_event_init
            |          |          |          |          |          
            |          |          |          |          |--2.48%--allocate_fake_cpuc
            |          |          |          |          |          __kasan_kmalloc
            |          |          |          |          |          kasan_set_track
            |          |          |          |          |          kasan_save_stack
            |          |          |          |          |          stack_trace_save
            |          |          |          |          |          arch_stack_walk
            |          |          |          |          |          unwind_next_frame
            |          |          |          |          |          __orc_find
            |          |          |          |          |          
            |          |          |          |           --2.44%--__kmem_cache_free
            |          |          |          |                     __kasan_slab_free
            |          |          |          |                     kasan_save_free_info
            |          |          |          |                     kasan_set_track
            |          |          |          |                     kasan_save_stack
            |          |          |          |                     stack_trace_save
            |          |          |          |                     arch_stack_walk
            |          |          |          |                     unwind_next_frame
            |          |          |          |          
            |          |          |           --2.00%--kmem_cache_alloc_node
            |          |          |                     __kasan_slab_alloc
            |          |          |                     kasan_set_track
            |          |          |                     kasan_save_stack
            |          |          |                     stack_trace_save
            |          |          |                     arch_stack_walk
            |          |          |                     unwind_next_frame
            |          |          |                     orc_find.part.0
            |          |          |          
            |          |           --2.41%--sched_cgroup_fork
            |          |                     _raw_spin_unlock
            |          |          
            |          |--8.65%--vm_mmap_pgoff
            |          |          |          
            |          |          |--6.67%--do_mmap
            |          |          |          |          
            |          |          |          |--4.47%--mmap_region
            |          |          |          |          |          
            |          |          |          |          |--2.25%--mas_store_prealloc
            |          |          |          |          |          mas_destroy
            |          |          |          |          |          kmem_cache_free_bulk.part.0
            |          |          |          |          |          __kasan_slab_free
            |          |          |          |          |          kasan_save_free_info
            |          |          |          |          |          kasan_set_track
            |          |          |          |          |          kasan_save_stack
            |          |          |          |          |          stack_trace_save
            |          |          |          |          |          arch_stack_walk
            |          |          |          |          |          unwind_next_frame
            |          |          |          |          |          __orc_find
            |          |          |          |          |          
            |          |          |          |           --2.22%--vma_expand
            |          |          |          |                     mas_store_prealloc
            |          |          |          |                     mas_destroy
            |          |          |          |                     kmem_cache_free
            |          |          |          |                     __kasan_slab_free
            |          |          |          |                     kasan_save_free_info
            |          |          |          |                     kasan_set_track
            |          |          |          |                     kasan_save_stack
            |          |          |          |                     stack_trace_save
            |          |          |          |                     arch_stack_walk
            |          |          |          |                     unwind_next_frame
            |          |          |          |          
            |          |          |           --2.20%--get_unmapped_area
            |          |          |                     arch_get_unmapped_area_topdown
            |          |          |                     vm_unmapped_area
            |          |          |                     mas_empty_area_rev
            |          |          |          
            |          |           --1.97%--down_write_killable
            |          |                     rwsem_down_write_slowpath
            |          |                     kasan_check_range
            |          |          
            |          |--8.14%--ksys_mmap_pgoff
            |          |          vm_mmap_pgoff
            |          |          do_mmap
            |          |          mmap_region
            |          |          |          
            |          |          |--6.20%--do_mas_munmap
            |          |          |          do_mas_align_munmap
            |          |          |          |          
            |          |          |          |--4.04%--__split_vma
            |          |          |          |          __vma_adjust
            |          |          |          |          mas_store_prealloc
            |          |          |          |          mas_destroy
            |          |          |          |          kmem_cache_free_bulk.part.0
            |          |          |          |          __kasan_slab_free
            |          |          |          |          kasan_save_free_info
            |          |          |          |          kasan_set_track
            |          |          |          |          kasan_save_stack
            |          |          |          |          stack_trace_save
            |          |          |          |          arch_stack_walk
            |          |          |          |          unwind_next_frame
            |          |          |          |          |          
            |          |          |          |           --2.06%--orc_find.part.0
            |          |          |          |          
            |          |          |           --2.16%--mas_store_prealloc
            |          |          |                     mas_destroy
            |          |          |                     kmem_cache_free_bulk.part.0
            |          |          |                     __kasan_slab_free
            |          |          |                     kasan_save_free_info
            |          |          |                     kasan_set_track
            |          |          |                     kasan_save_stack
            |          |          |                     stack_trace_save
            |          |          |                     arch_stack_walk
            |          |          |                     unwind_next_frame
            |          |          |          
            |          |           --1.94%--mas_preallocate
            |          |                     mas_alloc_nodes
            |          |                     kmem_cache_alloc
            |          |                     __kasan_slab_alloc
            |          |                     kasan_set_track
            |          |                     kasan_save_stack
            |          |                     stack_trace_save
            |          |                     arch_stack_walk
            |          |          
            |          |--8.04%--__x64_sys_futex
            |          |          |          
            |          |           --7.40%--do_futex
            |          |                     |          
            |          |                     |--5.76%--futex_wait
            |          |                     |          |          
            |          |                     |           --5.30%--futex_wait_queue
            |          |                     |                     |          
            |          |                     |                      --5.01%--schedule
            |          |                     |                                __schedule
            |          |                     |                                |          
            |          |                     |                                 --4.21%--dequeue_task_fair
            |          |                     |                                           |          
            |          |                     |                                            --2.02%--dequeue_entity
            |          |                     |                                                      |          
            |          |                     |                                                       --1.89%--update_curr
            |          |                     |                                                                 |          
            |          |                     |                                                                 |--1.38%--__calc_delta
            |          |                     |                                                                 |          
            |          |                     |                                                                  --0.51%--__cgroup_account_cputime
            |          |                     |                                                                            cgroup_rstat_updated
            |          |                     |          
            |          |                      --1.64%--futex_wake
            |          |          
            |          |--7.49%--__x64_sys_execve
            |          |          do_execveat_common.isra.0
            |          |          bprm_execve
            |          |          load_elf_binary
            |          |          |          
            |          |          |--5.44%--elf_map
            |          |          |          |          
            |          |          |          |--4.32%--vm_mmap_pgoff
            |          |          |          |          do_mmap
            |          |          |          |          mmap_region
            |          |          |          |          |          
            |          |          |          |          |--1.63%--mas_store_prealloc
            |          |          |          |          |          mas_destroy
            |          |          |          |          |          kmem_cache_free
            |          |          |          |          |          __kasan_slab_free
            |          |          |          |          |          kasan_save_free_info
            |          |          |          |          |          kasan_set_track
            |          |          |          |          |          kasan_save_stack
            |          |          |          |          |          stack_trace_save
            |          |          |          |          |          arch_stack_walk
            |          |          |          |          |          unwind_get_return_address
            |          |          |          |          |          
            |          |          |          |          |--1.44%--perf_event_mmap
            |          |          |          |          |          kmalloc_trace
            |          |          |          |          |          __kmem_cache_alloc_node
            |          |          |          |          |          ___slab_alloc
            |          |          |          |          |          
            |          |          |          |           --1.25%--mas_preallocate
            |          |          |          |                     mas_alloc_nodes
            |          |          |          |                     kmem_cache_alloc_bulk
            |          |          |          |          
            |          |          |           --1.12%--__vm_munmap
            |          |          |                     do_mas_munmap
            |          |          |                     do_mas_align_munmap
            |          |          |                     __split_vma
            |          |          |                     vm_area_dup
            |          |          |                     kmem_cache_alloc
            |          |          |                     ___slab_alloc
            |          |          |          
            |          |           --2.05%--setup_arg_pages
            |          |                     |          
            |          |                     |--1.06%--shift_arg_pages
            |          |                     |          |          
            |          |                     |           --0.57%--move_page_tables
            |          |                     |                     flush_tlb_mm_range
            |          |                     |                     flush_tlb_func
            |          |                     |                     native_flush_tlb_one_user
            |          |                     |          
            |          |                      --0.92%--expand_downwards
            |          |                                mas_store_prealloc
            |          |                                mas_destroy
            |          |                                kmem_cache_free
            |          |                                __kasan_slab_free
            |          |                                kasan_save_free_info
            |          |                                kasan_set_track
            |          |                                kasan_save_stack
            |          |                                stack_trace_save
            |          |                                arch_stack_walk
            |          |                                unwind_next_frame
            |          |          
            |          |--6.44%--__x64_sys_mprotect
            |          |          do_mprotect_pkey
            |          |          mprotect_fixup
            |          |          |          
            |          |          |--4.40%--__split_vma
            |          |          |          __vma_adjust
            |          |          |          |          
            |          |          |          |--2.49%--mas_preallocate
            |          |          |          |          mas_alloc_nodes
            |          |          |          |          kmem_cache_alloc_bulk
            |          |          |          |          __kasan_slab_alloc
            |          |          |          |          kasan_set_track
            |          |          |          |          kasan_save_stack
            |          |          |          |          stack_trace_save
            |          |          |          |          arch_stack_walk
            |          |          |          |          unwind_next_frame
            |          |          |          |          orc_find.part.0
            |          |          |          |          
            |          |          |           --1.90%--mas_store_prealloc
            |          |          |                     mas_destroy
            |          |          |                     kmem_cache_free_bulk.part.0
            |          |          |                     __kasan_slab_free
            |          |          |                     kasan_save_free_info
            |          |          |                     kasan_set_track
            |          |          |                     kasan_save_stack
            |          |          |                     stack_trace_save
            |          |          |                     arch_stack_walk
            |          |          |                     unwind_next_frame
            |          |          |          
            |          |           --2.04%--perf_event_mmap
            |          |                     perf_iterate_sb
            |          |                     perf_iterate_ctx
            |          |                     perf_event_mmap_output
            |          |                     perf_output_copy
            |          |                     __output_copy
            |          |                     __memcpy
            |          |          
            |          |--6.01%--syscall_exit_to_user_mode
            |          |          |          
            |          |           --5.96%--exit_to_user_mode_prepare
            |          |                     |          
            |          |                     |--2.78%--__rseq_handle_notify_resume
            |          |                     |          |          
            |          |                     |           --1.14%--__get_user_8
            |          |                     |          
            |          |                     |--1.80%--task_work_run
            |          |                     |          __fput
            |          |                     |          __dentry_kill
            |          |                     |          evict
            |          |                     |          destroy_inode
            |          |                     |          __destroy_inode
            |          |                     |          fsnotify_destroy_marks
            |          |                     |          fsnotify_grab_connector
            |          |                     |          __srcu_read_lock
            |          |                     |          
            |          |                      --1.39%--switch_fpu_return
            |          |                                |          
            |          |                                 --0.58%--restore_fpregs_from_fpstate
            |          |          
            |          |--3.76%--__x64_sys_exit_group
            |          |          do_group_exit
            |          |          do_exit
            |          |          __mmput
            |          |          exit_mmap
            |          |          |          
            |          |          |--1.89%--__mt_destroy
            |          |          |          mt_destroy_walk.isra.0
            |          |          |          kmem_cache_free_bulk.part.0
            |          |          |          __kasan_slab_free
            |          |          |          kasan_save_free_info
            |          |          |          kasan_set_track
            |          |          |          kasan_save_stack
            |          |          |          
            |          |           --1.87%--free_pgtables
            |          |                     unlink_anon_vmas
            |          |                     kmem_cache_free
            |          |                     __kasan_slab_free
            |          |                     kasan_save_free_info
            |          |                     kasan_set_track
            |          |                     kasan_save_stack
            |          |                     stack_trace_save
            |          |                     arch_stack_walk
            |          |          
            |          |--3.00%--__x64_sys_exit
            |          |          do_exit
            |          |          |          
            |          |          |--0.90%--membarrier_update_current_mm
            |          |          |          
            |          |          |--0.86%--mm_release
            |          |          |          do_futex
            |          |          |          futex_wake
            |          |          |          wake_up_q
            |          |          |          try_to_wake_up
            |          |          |          _raw_spin_lock_irqsave
            |          |          |          
            |          |          |--0.65%--exit_signals
            |          |          |          
            |          |           --0.58%--exit_mm_release
            |          |                     futex_exit_release
            |          |                     futex_cleanup
            |          |          
            |          |--2.36%--__do_sys_brk
            |          |          userfaultfd_unmap_complete
            |          |          
            |          |--1.87%--ksys_write
            |          |          vfs_write
            |          |          pipe_write
            |          |          file_update_time
            |          |          current_time
            |          |          
            |          |--1.87%--__x64_sys_munmap
            |          |          __vm_munmap
            |          |          do_mas_munmap
            |          |          do_mas_align_munmap
            |          |          mas_preallocate
            |          |          mas_alloc_nodes
            |          |          kmem_cache_alloc
            |          |          __kasan_slab_alloc
            |          |          kasan_set_track
            |          |          kasan_save_stack
            |          |          stack_trace_save
            |          |          arch_stack_walk
            |          |          unwind_next_frame
            |          |          
            |           --1.31%--x64_sys_call
            |          
             --0.59%--clone3
                       start_thread

    88.98%     0.54%  rw_us    [kernel.vmlinux]      [k] do_syscall_64
            |          
            |--88.44%--do_syscall_64
            |          |          
            |          |--19.88%--__x64_sys_clock_nanosleep
            |          |          common_nsleep
            |          |          hrtimer_nanosleep
            |          |          do_nanosleep
            |          |          |          
            |          |          |--16.33%--schedule
            |          |          |          |          
            |          |          |           --16.02%--__schedule
            |          |          |                     |          
            |          |          |                     |--4.32%--dequeue_task_fair
            |          |          |                     |          |          
            |          |          |                     |           --3.62%--dequeue_entity
            |          |          |                     |                     update_curr
            |          |          |                     |                     |          
            |          |          |                     |                     |--1.48%--cpuacct_charge
            |          |          |                     |                     |          
            |          |          |                     |                      --0.59%--__cgroup_account_cputime
            |          |          |                     |                                cgroup_rstat_updated
            |          |          |                     |          
            |          |          |                     |--3.95%--__perf_event_task_sched_out
            |          |          |                     |          |          
            |          |          |                     |           --3.08%--amd_pmu_disable_all
            |          |          |                     |                     x86_pmu_disable_all
            |          |          |                     |                     |          
            |          |          |                     |                      --2.50%--native_read_msr
            |          |          |                     |          
            |          |          |                     |--3.03%--pick_next_task_fair
            |          |          |                     |          newidle_balance
            |          |          |                     |          |          
            |          |          |                     |          |--1.42%--load_balance
            |          |          |                     |          |          |          
            |          |          |                     |          |          |--0.88%--find_busiest_group
            |          |          |                     |          |          |          update_sd_lb_stats.constprop.0
            |          |          |                     |          |          |          |          
            |          |          |                     |          |          |           --0.56%--idle_cpu
            |          |          |                     |          |          |          
            |          |          |                     |          |           --0.53%--_raw_spin_rq_lock_irqsave
            |          |          |                     |          |                     raw_spin_rq_lock_nested
            |          |          |                     |          |                     _raw_spin_lock
            |          |          |                     |          |                     __pv_queued_spin_lock_slowpath
            |          |          |                     |          |          
            |          |          |                     |          |--0.65%--__msecs_to_jiffies
            |          |          |                     |          |          
            |          |          |                     |           --0.53%--update_blocked_averages
            |          |          |                     |                     update_rq_clock
            |          |          |                     |                     sched_clock_cpu
            |          |          |                     |                     kvm_sched_clock_read
            |          |          |                     |                     pvclock_clocksource_read
            |          |          |                     |          
            |          |          |                     |--1.61%--psi_task_switch
            |          |          |                     |          psi_group_change
            |          |          |                     |          |          
            |          |          |                     |           --0.52%--sched_clock_cpu
            |          |          |                     |                     kvm_sched_clock_read
            |          |          |                     |                     pvclock_clocksource_read
            |          |          |                     |          
            |          |          |                      --0.86%--update_rq_clock
            |          |          |          
            |          |           --2.96%--hrtimer_start_range_ns
            |          |                     |          
            |          |                     |--1.56%--enqueue_hrtimer
            |          |                     |          |          
            |          |                     |           --0.97%--timerqueue_add
            |          |                     |          
            |          |                      --1.02%--ktime_get
            |          |                                kvm_clock_get_cycles
            |          |                                pvclock_clocksource_read
            |          |          
            |          |--9.33%--__do_sys_clone3
            |          |          kernel_clone
            |          |          copy_process
            |          |          |          
            |          |          |--6.92%--perf_event_init_task
            |          |          |          inherit_task_group.isra.0
            |          |          |          inherit_event.constprop.0
            |          |          |          perf_event_alloc
            |          |          |          |          
            |          |          |          |--4.93%--perf_try_init_event
            |          |          |          |          x86_pmu_event_init
            |          |          |          |          |          
            |          |          |          |          |--2.48%--allocate_fake_cpuc
            |          |          |          |          |          __kasan_kmalloc
            |          |          |          |          |          kasan_set_track
            |          |          |          |          |          kasan_save_stack
            |          |          |          |          |          stack_trace_save
            |          |          |          |          |          arch_stack_walk
            |          |          |          |          |          unwind_next_frame
            |          |          |          |          |          __orc_find
            |          |          |          |          |          
            |          |          |          |           --2.44%--__kmem_cache_free
            |          |          |          |                     __kasan_slab_free
            |          |          |          |                     kasan_save_free_info
            |          |          |          |                     kasan_set_track
            |          |          |          |                     kasan_save_stack
            |          |          |          |                     stack_trace_save
            |          |          |          |                     arch_stack_walk
            |          |          |          |                     unwind_next_frame
            |          |          |          |          
            |          |          |           --2.00%--kmem_cache_alloc_node
            |          |          |                     __kasan_slab_alloc
            |          |          |                     kasan_set_track
            |          |          |                     kasan_save_stack
            |          |          |                     stack_trace_save
            |          |          |                     arch_stack_walk
            |          |          |                     unwind_next_frame
            |          |          |                     orc_find.part.0
            |          |          |          
            |          |           --2.41%--sched_cgroup_fork
            |          |                     _raw_spin_unlock
            |          |          
            |          |--8.65%--vm_mmap_pgoff
            |          |          |          
            |          |          |--6.67%--do_mmap
            |          |          |          |          
            |          |          |          |--4.47%--mmap_region
            |          |          |          |          |          
            |          |          |          |          |--2.25%--mas_store_prealloc
            |          |          |          |          |          mas_destroy
            |          |          |          |          |          kmem_cache_free_bulk.part.0
            |          |          |          |          |          __kasan_slab_free
            |          |          |          |          |          kasan_save_free_info
            |          |          |          |          |          kasan_set_track
            |          |          |          |          |          kasan_save_stack
            |          |          |          |          |          stack_trace_save
            |          |          |          |          |          arch_stack_walk
            |          |          |          |          |          unwind_next_frame
            |          |          |          |          |          __orc_find
            |          |          |          |          |          
            |          |          |          |           --2.22%--vma_expand
            |          |          |          |                     mas_store_prealloc
            |          |          |          |                     mas_destroy
            |          |          |          |                     kmem_cache_free
            |          |          |          |                     __kasan_slab_free
            |          |          |          |                     kasan_save_free_info
            |          |          |          |                     kasan_set_track
            |          |          |          |                     kasan_save_stack
            |          |          |          |                     stack_trace_save
            |          |          |          |                     arch_stack_walk
            |          |          |          |                     unwind_next_frame
            |          |          |          |          
            |          |          |           --2.20%--get_unmapped_area
            |          |          |                     arch_get_unmapped_area_topdown
            |          |          |                     vm_unmapped_area
            |          |          |                     mas_empty_area_rev
            |          |          |          
            |          |           --1.97%--down_write_killable
            |          |                     rwsem_down_write_slowpath
            |          |                     kasan_check_range
            |          |          
            |          |--8.14%--ksys_mmap_pgoff
            |          |          vm_mmap_pgoff
            |          |          do_mmap
            |          |          mmap_region
            |          |          |          
            |          |          |--6.20%--do_mas_munmap
            |          |          |          do_mas_align_munmap
            |          |          |          |          
            |          |          |          |--4.04%--__split_vma
            |          |          |          |          __vma_adjust
            |          |          |          |          mas_store_prealloc
            |          |          |          |          mas_destroy
            |          |          |          |          kmem_cache_free_bulk.part.0
            |          |          |          |          __kasan_slab_free
            |          |          |          |          kasan_save_free_info
            |          |          |          |          kasan_set_track
            |          |          |          |          kasan_save_stack
            |          |          |          |          stack_trace_save
            |          |          |          |          arch_stack_walk
            |          |          |          |          unwind_next_frame
            |          |          |          |          |          
            |          |          |          |           --2.06%--orc_find.part.0
            |          |          |          |          
            |          |          |           --2.16%--mas_store_prealloc
            |          |          |                     mas_destroy
            |          |          |                     kmem_cache_free_bulk.part.0
            |          |          |                     __kasan_slab_free
            |          |          |                     kasan_save_free_info
            |          |          |                     kasan_set_track
            |          |          |                     kasan_save_stack
            |          |          |                     stack_trace_save
            |          |          |                     arch_stack_walk
            |          |          |                     unwind_next_frame
            |          |          |          
            |          |           --1.94%--mas_preallocate
            |          |                     mas_alloc_nodes
            |          |                     kmem_cache_alloc
            |          |                     __kasan_slab_alloc
            |          |                     kasan_set_track
            |          |                     kasan_save_stack
            |          |                     stack_trace_save
            |          |                     arch_stack_walk
            |          |          
            |          |--8.04%--__x64_sys_futex
            |          |          |          
            |          |           --7.40%--do_futex
            |          |                     |          
            |          |                     |--5.76%--futex_wait
            |          |                     |          |          
            |          |                     |           --5.30%--futex_wait_queue
            |          |                     |                     |          
            |          |                     |                      --5.01%--schedule
            |          |                     |                                __schedule
            |          |                     |                                |          
            |          |                     |                                 --4.21%--dequeue_task_fair
            |          |                     |                                           |          
            |          |                     |                                            --2.02%--dequeue_entity
            |          |                     |                                                      |          
            |          |                     |                                                       --1.89%--update_curr
            |          |                     |                                                                 |          
            |          |                     |                                                                 |--1.38%--__calc_delta
            |          |                     |                                                                 |          
            |          |                     |                                                                  --0.51%--__cgroup_account_cputime
            |          |                     |                                                                            cgroup_rstat_updated
            |          |                     |          
            |          |                      --1.64%--futex_wake
            |          |          
            |          |--7.49%--__x64_sys_execve
            |          |          do_execveat_common.isra.0
            |          |          bprm_execve
            |          |          load_elf_binary
            |          |          |          
            |          |          |--5.44%--elf_map
            |          |          |          |          
            |          |          |          |--4.32%--vm_mmap_pgoff
            |          |          |          |          do_mmap
            |          |          |          |          mmap_region
            |          |          |          |          |          
            |          |          |          |          |--1.63%--mas_store_prealloc
            |          |          |          |          |          mas_destroy
            |          |          |          |          |          kmem_cache_free
            |          |          |          |          |          __kasan_slab_free
            |          |          |          |          |          kasan_save_free_info
            |          |          |          |          |          kasan_set_track
            |          |          |          |          |          kasan_save_stack
            |          |          |          |          |          stack_trace_save
            |          |          |          |          |          arch_stack_walk
            |          |          |          |          |          unwind_get_return_address
            |          |          |          |          |          
            |          |          |          |          |--1.44%--perf_event_mmap
            |          |          |          |          |          kmalloc_trace
            |          |          |          |          |          __kmem_cache_alloc_node
            |          |          |          |          |          ___slab_alloc
            |          |          |          |          |          
            |          |          |          |           --1.25%--mas_preallocate
            |          |          |          |                     mas_alloc_nodes
            |          |          |          |                     kmem_cache_alloc_bulk
            |          |          |          |          
            |          |          |           --1.12%--__vm_munmap
            |          |          |                     do_mas_munmap
            |          |          |                     do_mas_align_munmap
            |          |          |                     __split_vma
            |          |          |                     vm_area_dup
            |          |          |                     kmem_cache_alloc
            |          |          |                     ___slab_alloc
            |          |          |          
            |          |           --2.05%--setup_arg_pages
            |          |                     |          
            |          |                     |--1.06%--shift_arg_pages
            |          |                     |          |          
            |          |                     |           --0.57%--move_page_tables
            |          |                     |                     flush_tlb_mm_range
            |          |                     |                     flush_tlb_func
            |          |                     |                     native_flush_tlb_one_user
            |          |                     |          
            |          |                      --0.92%--expand_downwards
            |          |                                mas_store_prealloc
            |          |                                mas_destroy
            |          |                                kmem_cache_free
            |          |                                __kasan_slab_free
            |          |                                kasan_save_free_info
            |          |                                kasan_set_track
            |          |                                kasan_save_stack
            |          |                                stack_trace_save
            |          |                                arch_stack_walk
            |          |                                unwind_next_frame
            |          |          
            |          |--6.44%--__x64_sys_mprotect
            |          |          do_mprotect_pkey
            |          |          mprotect_fixup
            |          |          |          
            |          |          |--4.40%--__split_vma
            |          |          |          __vma_adjust
            |          |          |          |          
            |          |          |          |--2.49%--mas_preallocate
            |          |          |          |          mas_alloc_nodes
            |          |          |          |          kmem_cache_alloc_bulk
            |          |          |          |          __kasan_slab_alloc
            |          |          |          |          kasan_set_track
            |          |          |          |          kasan_save_stack
            |          |          |          |          stack_trace_save
            |          |          |          |          arch_stack_walk
            |          |          |          |          unwind_next_frame
            |          |          |          |          orc_find.part.0
            |          |          |          |          
            |          |          |           --1.90%--mas_store_prealloc
            |          |          |                     mas_destroy
            |          |          |                     kmem_cache_free_bulk.part.0
            |          |          |                     __kasan_slab_free
            |          |          |                     kasan_save_free_info
            |          |          |                     kasan_set_track
            |          |          |                     kasan_save_stack
            |          |          |                     stack_trace_save
            |          |          |                     arch_stack_walk
            |          |          |                     unwind_next_frame
            |          |          |          
            |          |           --2.04%--perf_event_mmap
            |          |                     perf_iterate_sb
            |          |                     perf_iterate_ctx
            |          |                     perf_event_mmap_output
            |          |                     perf_output_copy
            |          |                     __output_copy
            |          |                     __memcpy
            |          |          
            |          |--6.01%--syscall_exit_to_user_mode
            |          |          |          
            |          |           --5.96%--exit_to_user_mode_prepare
            |          |                     |          
            |          |                     |--2.78%--__rseq_handle_notify_resume
            |          |                     |          |          
            |          |                     |           --1.14%--__get_user_8
            |          |                     |          
            |          |                     |--1.80%--task_work_run
            |          |                     |          __fput
            |          |                     |          __dentry_kill
            |          |                     |          evict
            |          |                     |          destroy_inode
            |          |                     |          __destroy_inode
            |          |                     |          fsnotify_destroy_marks
            |          |                     |          fsnotify_grab_connector
            |          |                     |          __srcu_read_lock
            |          |                     |          
            |          |                      --1.39%--switch_fpu_return
            |          |                                |          
            |          |                                 --0.58%--restore_fpregs_from_fpstate
            |          |          
            |          |--3.76%--__x64_sys_exit_group
            |          |          do_group_exit
            |          |          do_exit
            |          |          __mmput
            |          |          exit_mmap
            |          |          |          
            |          |          |--1.89%--__mt_destroy
            |          |          |          mt_destroy_walk.isra.0
            |          |          |          kmem_cache_free_bulk.part.0
            |          |          |          __kasan_slab_free
            |          |          |          kasan_save_free_info
            |          |          |          kasan_set_track
            |          |          |          kasan_save_stack
            |          |          |          
            |          |           --1.87%--free_pgtables
            |          |                     unlink_anon_vmas
            |          |                     kmem_cache_free
            |          |                     __kasan_slab_free
            |          |                     kasan_save_free_info
            |          |                     kasan_set_track
            |          |                     kasan_save_stack
            |          |                     stack_trace_save
            |          |                     arch_stack_walk
            |          |          
            |          |--3.00%--__x64_sys_exit
            |          |          do_exit
            |          |          |          
            |          |          |--0.90%--membarrier_update_current_mm
            |          |          |          
            |          |          |--0.86%--mm_release
            |          |          |          do_futex
            |          |          |          futex_wake
            |          |          |          wake_up_q
            |          |          |          try_to_wake_up
            |          |          |          _raw_spin_lock_irqsave
            |          |          |          
            |          |          |--0.65%--exit_signals
            |          |          |          
            |          |           --0.58%--exit_mm_release
            |          |                     futex_exit_release
            |          |                     futex_cleanup
            |          |          
            |          |--2.36%--__do_sys_brk
            |          |          userfaultfd_unmap_complete
            |          |          
            |          |--1.87%--ksys_write
            |          |          vfs_write
            |          |          pipe_write
            |          |          file_update_time
            |          |          current_time
            |          |          
            |          |--1.87%--__x64_sys_munmap
            |          |          __vm_munmap
            |          |          do_mas_munmap
            |          |          do_mas_align_munmap
            |          |          mas_preallocate
            |          |          mas_alloc_nodes
            |          |          kmem_cache_alloc
            |          |          __kasan_slab_alloc
            |          |          kasan_set_track
            |          |          kasan_save_stack
            |          |          stack_trace_save
            |          |          arch_stack_walk
            |          |          unwind_next_frame
            |          |          
            |           --1.31%--x64_sys_call
            |          
             --0.54%--clone3
                       start_thread

    52.48%     0.00%  rw_us    libc.so.6             [.] clone3
            |
            ---clone3
               |          
               |--42.67%--start_thread
               |          |          
               |          |--19.85%--reader_thread
               |          |          |          
               |          |          |--15.95%--msleep
               |          |          |          |          
               |          |          |           --15.73%--usleep
               |          |          |                     __GI___nanosleep (inlined)
               |          |          |                     |          
               |          |          |                      --15.42%--__GI___clock_nanosleep (inlined)
               |          |          |                                entry_SYSCALL_64_after_hwframe
               |          |          |                                do_syscall_64
               |          |          |                                |          
               |          |          |                                |--12.00%--__x64_sys_clock_nanosleep
               |          |          |                                |          common_nsleep
               |          |          |                                |          hrtimer_nanosleep
               |          |          |                                |          do_nanosleep
               |          |          |                                |          |          
               |          |          |                                |          |--9.23%--schedule
               |          |          |                                |          |          |          
               |          |          |                                |          |           --8.92%--__schedule
               |          |          |                                |          |                     |          
               |          |          |                                |          |                     |--3.38%--__perf_event_task_sched_out
               |          |          |                                |          |                     |          |          
               |          |          |                                |          |                     |           --2.80%--amd_pmu_disable_all
               |          |          |                                |          |                     |                     x86_pmu_disable_all
               |          |          |                                |          |                     |                     |          
               |          |          |                                |          |                     |                      --2.21%--native_read_msr
               |          |          |                                |          |                     |          
               |          |          |                                |          |                     |--2.38%--pick_next_task_fair
               |          |          |                                |          |                     |          newidle_balance
               |          |          |                                |          |                     |          |          
               |          |          |                                |          |                     |          |--1.42%--load_balance
               |          |          |                                |          |                     |          |          |          
               |          |          |                                |          |                     |          |          |--0.88%--find_busiest_group
               |          |          |                                |          |                     |          |          |          update_sd_lb_stats.constprop.0
               |          |          |                                |          |                     |          |          |          |          
               |          |          |                                |          |                     |          |          |           --0.56%--idle_cpu
               |          |          |                                |          |                     |          |          |          
               |          |          |                                |          |                     |          |           --0.53%--_raw_spin_rq_lock_irqsave
               |          |          |                                |          |                     |          |                     raw_spin_rq_lock_nested
               |          |          |                                |          |                     |          |                     _raw_spin_lock
               |          |          |                                |          |                     |          |                     __pv_queued_spin_lock_slowpath
               |          |          |                                |          |                     |          |          
               |          |          |                                |          |                     |           --0.53%--update_blocked_averages
               |          |          |                                |          |                     |                     update_rq_clock
               |          |          |                                |          |                     |                     sched_clock_cpu
               |          |          |                                |          |                     |                     kvm_sched_clock_read
               |          |          |                                |          |                     |                     pvclock_clocksource_read
               |          |          |                                |          |                     |          
               |          |          |                                |          |                     |--0.86%--update_rq_clock
               |          |          |                                |          |                     |          
               |          |          |                                |          |                     |--0.59%--dequeue_task_fair
               |          |          |                                |          |                     |          dequeue_entity
               |          |          |                                |          |                     |          update_curr
               |          |          |                                |          |                     |          __cgroup_account_cputime
               |          |          |                                |          |                     |          cgroup_rstat_updated
               |          |          |                                |          |                     |          
               |          |          |                                |          |                      --0.52%--psi_task_switch
               |          |          |                                |          |                                psi_group_change
               |          |          |                                |          |                                sched_clock_cpu
               |          |          |                                |          |                                kvm_sched_clock_read
               |          |          |                                |          |                                pvclock_clocksource_read
               |          |          |                                |          |          
               |          |          |                                |           --2.19%--hrtimer_start_range_ns
               |          |          |                                |                     |          
               |          |          |                                |                     |--1.17%--enqueue_hrtimer
               |          |          |                                |                     |          |          
               |          |          |                                |                     |           --0.59%--timerqueue_add
               |          |          |                                |                     |          
               |          |          |                                |                      --1.02%--ktime_get
               |          |          |                                |                                kvm_clock_get_cycles
               |          |          |                                |                                pvclock_clocksource_read
               |          |          |                                |          
               |          |          |                                 --3.26%--syscall_exit_to_user_mode
               |          |          |                                           exit_to_user_mode_prepare
               |          |          |                                           |          
               |          |          |                                           |--2.16%--__rseq_handle_notify_resume
               |          |          |                                           |          |          
               |          |          |                                           |           --1.14%--__get_user_8
               |          |          |                                           |          
               |          |          |                                            --1.10%--switch_fpu_return
               |          |          |                                                      |          
               |          |          |                                                       --0.58%--restore_fpregs_from_fpstate
               |          |          |          
               |          |          |--1.53%--__printf (inlined)
               |          |          |          __vfprintf_internal
               |          |          |          |          
               |          |          |          |--1.01%--__find_specmb (inlined)
               |          |          |          |          __strchrnul_avx2
               |          |          |          |          
               |          |          |           --0.52%--outstring_func (inlined)
               |          |          |                     done_add_func (inlined)
               |          |          |          
               |          |          |--1.07%--___pthread_rwlock_unlock (inlined)
               |          |          |          |          
               |          |          |           --0.56%--__pthread_rwlock_rdunlock (inlined)
               |          |          |                     futex_wake (inlined)
               |          |          |                     entry_SYSCALL_64_after_hwframe
               |          |          |                     do_syscall_64
               |          |          |                     __x64_sys_futex
               |          |          |                     do_futex
               |          |          |                     futex_wake
               |          |          |          
               |          |           --0.58%--_dl_runtime_resolve_xsavec
               |          |                     _dl_fixup
               |          |                     _dl_lookup_symbol_x
               |          |                     do_lookup_x
               |          |                     check_match
               |          |                     strcmp
               |          |          
               |          |--19.12%--writer_thread
               |          |          |          
               |          |          |--10.04%--msleep
               |          |          |          usleep
               |          |          |          __GI___nanosleep (inlined)
               |          |          |          __GI___clock_nanosleep (inlined)
               |          |          |          entry_SYSCALL_64_after_hwframe
               |          |          |          |          
               |          |          |           --9.65%--do_syscall_64
               |          |          |                     |          
               |          |          |                     |--7.88%--__x64_sys_clock_nanosleep
               |          |          |                     |          common_nsleep
               |          |          |                     |          hrtimer_nanosleep
               |          |          |                     |          do_nanosleep
               |          |          |                     |          |          
               |          |          |                     |          |--7.11%--schedule
               |          |          |                     |          |          __schedule
               |          |          |                     |          |          |          
               |          |          |                     |          |          |--3.73%--dequeue_task_fair
               |          |          |                     |          |          |          |          
               |          |          |                     |          |          |           --3.04%--dequeue_entity
               |          |          |                     |          |          |                     update_curr
               |          |          |                     |          |          |                     |          
               |          |          |                     |          |          |                      --1.48%--cpuacct_charge
               |          |          |                     |          |          |          
               |          |          |                     |          |          |--1.10%--psi_task_switch
               |          |          |                     |          |          |          psi_group_change
               |          |          |                     |          |          |          
               |          |          |                     |          |          |--0.65%--pick_next_task_fair
               |          |          |                     |          |          |          newidle_balance
               |          |          |                     |          |          |          __msecs_to_jiffies
               |          |          |                     |          |          |          
               |          |          |                     |          |           --0.57%--__perf_event_task_sched_out
               |          |          |                     |          |          
               |          |          |                     |           --0.78%--hrtimer_start_range_ns
               |          |          |                     |          
               |          |          |                      --1.10%--x64_sys_call
               |          |          |          
               |          |          |--5.93%--___pthread_rwlock_wrlock (inlined)
               |          |          |          __pthread_rwlock_wrlock_full64 (inlined)
               |          |          |          __futex_abstimed_wait_common
               |          |          |          entry_SYSCALL_64_after_hwframe
               |          |          |          do_syscall_64
               |          |          |          |          
               |          |          |           --5.76%--__x64_sys_futex
               |          |          |                     do_futex
               |          |          |                     futex_wait
               |          |          |                     |          
               |          |          |                      --5.30%--futex_wait_queue
               |          |          |                                |          
               |          |          |                                 --5.01%--schedule
               |          |          |                                           __schedule
               |          |          |                                           |          
               |          |          |                                            --4.21%--dequeue_task_fair
               |          |          |                                                      |          
               |          |          |                                                       --2.02%--dequeue_entity
               |          |          |                                                                 |          
               |          |          |                                                                  --1.89%--update_curr
               |          |          |                                                                            |          
               |          |          |                                                                            |--1.38%--__calc_delta
               |          |          |                                                                            |          
               |          |          |                                                                             --0.51%--__cgroup_account_cputime
               |          |          |                                                                                       cgroup_rstat_updated
               |          |          |          
               |          |          |--2.43%--___pthread_rwlock_unlock (inlined)
               |          |          |          |          
               |          |          |           --1.73%--__pthread_rwlock_wrunlock (inlined)
               |          |          |                     futex_wake (inlined)
               |          |          |                     entry_SYSCALL_64_after_hwframe
               |          |          |                     do_syscall_64
               |          |          |                     __x64_sys_futex
               |          |          |                     |          
               |          |          |                      --1.08%--do_futex
               |          |          |                                futex_wake
               |          |          |          
               |          |           --0.70%--__printf (inlined)
               |          |                     __vfprintf_internal
               |          |          
               |          |--2.56%--entry_SYSCALL_64_after_hwframe
               |          |          |          
               |          |           --2.36%--do_syscall_64
               |          |                     |          
               |          |                      --2.09%--__x64_sys_exit
               |          |                                do_exit
               |          |                                |          
               |          |                                |--0.86%--mm_release
               |          |                                |          do_futex
               |          |                                |          futex_wake
               |          |                                |          wake_up_q
               |          |                                |          try_to_wake_up
               |          |                                |          _raw_spin_lock_irqsave
               |          |                                |          
               |          |                                |--0.65%--exit_signals
               |          |                                |          
               |          |                                 --0.58%--exit_mm_release
               |          |                                           futex_exit_release
               |          |                                           futex_cleanup
               |          |          
               |           --0.74%--rseq_register_current_thread (inlined)
               |                     |          
               |                      --0.73%--entry_SYSCALL_64_after_hwframe
               |                                do_syscall_64
               |          
                --9.33%--entry_SYSCALL_64_after_hwframe
                          do_syscall_64
                          __do_sys_clone3
                          kernel_clone
                          copy_process
                          |          
                          |--6.92%--perf_event_init_task
                          |          inherit_task_group.isra.0
                          |          inherit_event.constprop.0
                          |          perf_event_alloc
                          |          |          
                          |          |--4.93%--perf_try_init_event
                          |          |          x86_pmu_event_init
                          |          |          |          
                          |          |          |--2.48%--allocate_fake_cpuc
                          |          |          |          __kasan_kmalloc
                          |          |          |          kasan_set_track
                          |          |          |          kasan_save_stack
                          |          |          |          stack_trace_save
                          |          |          |          arch_stack_walk
                          |          |          |          unwind_next_frame
                          |          |          |          __orc_find
                          |          |          |          
                          |          |           --2.44%--__kmem_cache_free
                          |          |                     __kasan_slab_free
                          |          |                     kasan_save_free_info
                          |          |                     kasan_set_track
                          |          |                     kasan_save_stack
                          |          |                     stack_trace_save
                          |          |                     arch_stack_walk
                          |          |                     unwind_next_frame
                          |          |          
                          |           --2.00%--kmem_cache_alloc_node
                          |                     __kasan_slab_alloc
                          |                     kasan_set_track
                          |                     kasan_save_stack
                          |                     stack_trace_save
                          |                     arch_stack_walk
                          |                     unwind_next_frame
                          |                     orc_find.part.0
                          |          
                           --2.41%--sched_cgroup_fork
                                     _raw_spin_unlock

    42.67%     0.02%  rw_us    libc.so.6             [.] start_thread
            |          
             --42.65%--start_thread
                       |          
                       |--19.85%--reader_thread
                       |          |          
                       |          |--15.95%--msleep
                       |          |          |          
                       |          |           --15.73%--usleep
                       |          |                     __GI___nanosleep (inlined)
                       |          |                     |          
                       |          |                      --15.42%--__GI___clock_nanosleep (inlined)
                       |          |                                entry_SYSCALL_64_after_hwframe
                       |          |                                do_syscall_64
                       |          |                                |          
                       |          |                                |--12.00%--__x64_sys_clock_nanosleep
                       |          |                                |          common_nsleep
                       |          |                                |          hrtimer_nanosleep
                       |          |                                |          do_nanosleep
                       |          |                                |          |          
                       |          |                                |          |--9.23%--schedule
                       |          |                                |          |          |          
                       |          |                                |          |           --8.92%--__schedule
                       |          |                                |          |                     |          
                       |          |                                |          |                     |--3.38%--__perf_event_task_sched_out
                       |          |                                |          |                     |          |          
                       |          |                                |          |                     |           --2.80%--amd_pmu_disable_all
                       |          |                                |          |                     |                     x86_pmu_disable_all
                       |          |                                |          |                     |                     |          
                       |          |                                |          |                     |                      --2.21%--native_read_msr
                       |          |                                |          |                     |          
                       |          |                                |          |                     |--2.38%--pick_next_task_fair
                       |          |                                |          |                     |          newidle_balance
                       |          |                                |          |                     |          |          
                       |          |                                |          |                     |          |--1.42%--load_balance
                       |          |                                |          |                     |          |          |          
                       |          |                                |          |                     |          |          |--0.88%--find_busiest_group
                       |          |                                |          |                     |          |          |          update_sd_lb_stats.constprop.0
                       |          |                                |          |                     |          |          |          |          
                       |          |                                |          |                     |          |          |           --0.56%--idle_cpu
                       |          |                                |          |                     |          |          |          
                       |          |                                |          |                     |          |           --0.53%--_raw_spin_rq_lock_irqsave
                       |          |                                |          |                     |          |                     raw_spin_rq_lock_nested
                       |          |                                |          |                     |          |                     _raw_spin_lock
                       |          |                                |          |                     |          |                     __pv_queued_spin_lock_slowpath
                       |          |                                |          |                     |          |          
                       |          |                                |          |                     |           --0.53%--update_blocked_averages
                       |          |                                |          |                     |                     update_rq_clock
                       |          |                                |          |                     |                     sched_clock_cpu
                       |          |                                |          |                     |                     kvm_sched_clock_read
                       |          |                                |          |                     |                     pvclock_clocksource_read
                       |          |                                |          |                     |          
                       |          |                                |          |                     |--0.86%--update_rq_clock
                       |          |                                |          |                     |          
                       |          |                                |          |                     |--0.59%--dequeue_task_fair
                       |          |                                |          |                     |          dequeue_entity
                       |          |                                |          |                     |          update_curr
                       |          |                                |          |                     |          __cgroup_account_cputime
                       |          |                                |          |                     |          cgroup_rstat_updated
                       |          |                                |          |                     |          
                       |          |                                |          |                      --0.52%--psi_task_switch
                       |          |                                |          |                                psi_group_change
                       |          |                                |          |                                sched_clock_cpu
                       |          |                                |          |                                kvm_sched_clock_read
                       |          |                                |          |                                pvclock_clocksource_read
                       |          |                                |          |          
                       |          |                                |           --2.19%--hrtimer_start_range_ns
                       |          |                                |                     |          
                       |          |                                |                     |--1.17%--enqueue_hrtimer
                       |          |                                |                     |          |          
                       |          |                                |                     |           --0.59%--timerqueue_add
                       |          |                                |                     |          
                       |          |                                |                      --1.02%--ktime_get
                       |          |                                |                                kvm_clock_get_cycles
                       |          |                                |                                pvclock_clocksource_read
                       |          |                                |          
                       |          |                                 --3.26%--syscall_exit_to_user_mode
                       |          |                                           exit_to_user_mode_prepare
                       |          |                                           |          
                       |          |                                           |--2.16%--__rseq_handle_notify_resume
                       |          |                                           |          |          
                       |          |                                           |           --1.14%--__get_user_8
                       |          |                                           |          
                       |          |                                            --1.10%--switch_fpu_return
                       |          |                                                      |          
                       |          |                                                       --0.58%--restore_fpregs_from_fpstate
                       |          |          
                       |          |--1.53%--__printf (inlined)
                       |          |          __vfprintf_internal
                       |          |          |          
                       |          |          |--1.01%--__find_specmb (inlined)
                       |          |          |          __strchrnul_avx2
                       |          |          |          
                       |          |           --0.52%--outstring_func (inlined)
                       |          |                     done_add_func (inlined)
                       |          |          
                       |          |--1.07%--___pthread_rwlock_unlock (inlined)
                       |          |          |          
                       |          |           --0.56%--__pthread_rwlock_rdunlock (inlined)
                       |          |                     futex_wake (inlined)
                       |          |                     entry_SYSCALL_64_after_hwframe
                       |          |                     do_syscall_64
                       |          |                     __x64_sys_futex
                       |          |                     do_futex
                       |          |                     futex_wake
                       |          |          
                       |           --0.58%--_dl_runtime_resolve_xsavec
                       |                     _dl_fixup
                       |                     _dl_lookup_symbol_x
                       |                     do_lookup_x
                       |                     check_match
                       |                     strcmp
                       |          
                       |--19.12%--writer_thread
                       |          |          
                       |          |--10.04%--msleep
                       |          |          usleep
                       |          |          __GI___nanosleep (inlined)
                       |          |          __GI___clock_nanosleep (inlined)
                       |          |          entry_SYSCALL_64_after_hwframe
                       |          |          |          
                       |          |           --9.65%--do_syscall_64
                       |          |                     |          
                       |          |                     |--7.88%--__x64_sys_clock_nanosleep
                       |          |                     |          common_nsleep
                       |          |                     |          hrtimer_nanosleep
                       |          |                     |          do_nanosleep
                       |          |                     |          |          
                       |          |                     |          |--7.11%--schedule
                       |          |                     |          |          __schedule
                       |          |                     |          |          |          
                       |          |                     |          |          |--3.73%--dequeue_task_fair
                       |          |                     |          |          |          |          
                       |          |                     |          |          |           --3.04%--dequeue_entity
                       |          |                     |          |          |                     update_curr
                       |          |                     |          |          |                     |          
                       |          |                     |          |          |                      --1.48%--cpuacct_charge
                       |          |                     |          |          |          
                       |          |                     |          |          |--1.10%--psi_task_switch
                       |          |                     |          |          |          psi_group_change
                       |          |                     |          |          |          
                       |          |                     |          |          |--0.65%--pick_next_task_fair
                       |          |                     |          |          |          newidle_balance
                       |          |                     |          |          |          __msecs_to_jiffies
                       |          |                     |          |          |          
                       |          |                     |          |           --0.57%--__perf_event_task_sched_out
                       |          |                     |          |          
                       |          |                     |           --0.78%--hrtimer_start_range_ns
                       |          |                     |          
                       |          |                      --1.10%--x64_sys_call
                       |          |          
                       |          |--5.93%--___pthread_rwlock_wrlock (inlined)
                       |          |          __pthread_rwlock_wrlock_full64 (inlined)
                       |          |          __futex_abstimed_wait_common
                       |          |          entry_SYSCALL_64_after_hwframe
                       |          |          do_syscall_64
                       |          |          |          
                       |          |           --5.76%--__x64_sys_futex
                       |          |                     do_futex
                       |          |                     futex_wait
                       |          |                     |          
                       |          |                      --5.30%--futex_wait_queue
                       |          |                                |          
                       |          |                                 --5.01%--schedule
                       |          |                                           __schedule
                       |          |                                           |          
                       |          |                                            --4.21%--dequeue_task_fair
                       |          |                                                      |          
                       |          |                                                       --2.02%--dequeue_entity
                       |          |                                                                 |          
                       |          |                                                                  --1.89%--update_curr
                       |          |                                                                            |          
                       |          |                                                                            |--1.38%--__calc_delta
                       |          |                                                                            |          
                       |          |                                                                             --0.51%--__cgroup_account_cputime
                       |          |                                                                                       cgroup_rstat_updated
                       |          |          
                       |          |--2.43%--___pthread_rwlock_unlock (inlined)
                       |          |          |          
                       |          |           --1.73%--__pthread_rwlock_wrunlock (inlined)
                       |          |                     futex_wake (inlined)
                       |          |                     entry_SYSCALL_64_after_hwframe
                       |          |                     do_syscall_64
                       |          |                     __x64_sys_futex
                       |          |                     |          
                       |          |                      --1.08%--do_futex
                       |          |                                futex_wake
                       |          |          
                       |           --0.70%--__printf (inlined)
                       |                     __vfprintf_internal
                       |          
                       |--2.56%--entry_SYSCALL_64_after_hwframe
                       |          |          
                       |           --2.36%--do_syscall_64
                       |                     |          
                       |                      --2.09%--__x64_sys_exit
                       |                                do_exit
                       |                                |          
                       |                                |--0.86%--mm_release
                       |                                |          do_futex
                       |                                |          futex_wake
                       |                                |          wake_up_q
                       |                                |          try_to_wake_up
                       |                                |          _raw_spin_lock_irqsave
                       |                                |          
                       |                                |--0.65%--exit_signals
                       |                                |          
                       |                                 --0.58%--exit_mm_release
                       |                                           futex_exit_release
                       |                                           futex_cleanup
                       |          
                        --0.73%--rseq_register_current_thread (inlined)
                                  entry_SYSCALL_64_after_hwframe
                                  do_syscall_64

    32.48%     2.18%  rw_us    [kernel.vmlinux]      [k] kasan_save_stack
            |          
            |--30.30%--kasan_save_stack
            |          stack_trace_save
            |          arch_stack_walk
            |          |          
            |          |--24.86%--unwind_next_frame
            |          |          |          
            |          |          |--6.55%--orc_find.part.0
            |          |          |          
            |          |           --4.74%--__orc_find
            |          |          
            |           --1.63%--unwind_get_return_address
            |          
             --2.18%--entry_SYSCALL_64_after_hwframe
                       do_syscall_64
                       |          
                        --1.89%--__x64_sys_exit_group
                                  do_group_exit
                                  do_exit
                                  __mmput
                                  exit_mmap
                                  __mt_destroy
                                  mt_destroy_walk.isra.0
                                  kmem_cache_free_bulk.part.0
                                  __kasan_slab_free
                                  kasan_save_free_info
                                  kasan_set_track
                                  kasan_save_stack

    32.48%     0.00%  rw_us    [kernel.vmlinux]      [k] kasan_set_track
            |
            ---kasan_set_track
               kasan_save_stack
               |          
                --30.30%--stack_trace_save
                          arch_stack_walk
                          |          
                          |--24.86%--unwind_next_frame
                          |          |          
                          |          |--6.55%--orc_find.part.0
                          |          |          
                          |           --4.74%--__orc_find
                          |          
                           --1.63%--unwind_get_return_address

    30.30%     3.81%  rw_us    [kernel.vmlinux]      [k] arch_stack_walk
            |          
            |--26.49%--arch_stack_walk
            |          |          
            |          |--24.86%--unwind_next_frame
            |          |          |          
            |          |          |--6.55%--orc_find.part.0
            |          |          |          
            |          |           --4.74%--__orc_find
            |          |          
            |           --1.63%--unwind_get_return_address
            |          
            |--1.94%--_start
            |          _dl_start
            |          _dl_start_final (inlined)
            |          _dl_sysdep_start
            |          dl_main
            |          _dl_map_object_deps
            |          _dl_catch_exception
            |          openaux
            |          _dl_map_object
            |          _dl_load_cache_lookup
            |          _dl_sysdep_read_whole_file
            |          __mmap64 (inlined)
            |          __mmap64 (inlined)
            |          entry_SYSCALL_64_after_hwframe
            |          do_syscall_64
            |          ksys_mmap_pgoff
            |          vm_mmap_pgoff
            |          do_mmap
            |          mmap_region
            |          mas_preallocate
            |          mas_alloc_nodes
            |          kmem_cache_alloc
            |          __kasan_slab_alloc
            |          kasan_set_track
            |          kasan_save_stack
            |          stack_trace_save
            |          arch_stack_walk
            |          
             --1.87%--entry_SYSCALL_64_after_hwframe
                       do_syscall_64
                       __x64_sys_exit_group
                       do_group_exit
                       do_exit
                       __mmput
                       exit_mmap
                       free_pgtables
                       unlink_anon_vmas
                       kmem_cache_free
                       __kasan_slab_free
                       kasan_save_free_info
                       kasan_set_track
                       kasan_save_stack
                       stack_trace_save
                       arch_stack_walk

    30.30%     0.00%  rw_us    [kernel.vmlinux]      [k] stack_trace_save
            |
            ---stack_trace_save
               arch_stack_walk
               |          
               |--24.86%--unwind_next_frame
               |          |          
               |          |--6.55%--orc_find.part.0
               |          |          
               |           --4.74%--__orc_find
               |          
                --1.63%--unwind_get_return_address

    25.99%     0.00%  rw_us    rw_us                 [.] msleep
            |
            ---msleep
               |          
                --25.77%--usleep
                          __GI___nanosleep (inlined)
                          |          
                           --25.46%--__GI___clock_nanosleep (inlined)
                                     entry_SYSCALL_64_after_hwframe
                                     |          
                                      --25.07%--do_syscall_64
                                                |          
                                                |--19.88%--__x64_sys_clock_nanosleep
                                                |          common_nsleep
                                                |          hrtimer_nanosleep
                                                |          do_nanosleep
                                                |          |          
                                                |          |--16.33%--schedule
                                                |          |          |          
                                                |          |           --16.02%--__schedule
                                                |          |                     |          
                                                |          |                     |--4.32%--dequeue_task_fair
                                                |          |                     |          |          
                                                |          |                     |           --3.62%--dequeue_entity
                                                |          |                     |                     update_curr
                                                |          |                     |                     |          
                                                |          |                     |                     |--1.48%--cpuacct_charge
                                                |          |                     |                     |          
                                                |          |                     |                      --0.59%--__cgroup_account_cputime
                                                |          |                     |                                cgroup_rstat_updated
                                                |          |                     |          
                                                |          |                     |--3.95%--__perf_event_task_sched_out
                                                |          |                     |          |          
                                                |          |                     |           --3.08%--amd_pmu_disable_all
                                                |          |                     |                     x86_pmu_disable_all
                                                |          |                     |                     |          
                                                |          |                     |                      --2.50%--native_read_msr
                                                |          |                     |          
                                                |          |                     |--3.03%--pick_next_task_fair
                                                |          |                     |          newidle_balance
                                                |          |                     |          |          
                                                |          |                     |          |--1.42%--load_balance
                                                |          |                     |          |          |          
                                                |          |                     |          |          |--0.88%--find_busiest_group
                                                |          |                     |          |          |          update_sd_lb_stats.constprop.0
                                                |          |                     |          |          |          |          
                                                |          |                     |          |          |           --0.56%--idle_cpu
                                                |          |                     |          |          |          
                                                |          |                     |          |           --0.53%--_raw_spin_rq_lock_irqsave
                                                |          |                     |          |                     raw_spin_rq_lock_nested
                                                |          |                     |          |                     _raw_spin_lock
                                                |          |                     |          |                     __pv_queued_spin_lock_slowpath
                                                |          |                     |          |          
                                                |          |                     |          |--0.65%--__msecs_to_jiffies
                                                |          |                     |          |          
                                                |          |                     |           --0.53%--update_blocked_averages
                                                |          |                     |                     update_rq_clock
                                                |          |                     |                     sched_clock_cpu
                                                |          |                     |                     kvm_sched_clock_read
                                                |          |                     |                     pvclock_clocksource_read
                                                |          |                     |          
                                                |          |                     |--1.61%--psi_task_switch
                                                |          |                     |          psi_group_change
                                                |          |                     |          |          
                                                |          |                     |           --0.52%--sched_clock_cpu
                                                |          |                     |                     kvm_sched_clock_read
                                                |          |                     |                     pvclock_clocksource_read
                                                |          |                     |          
                                                |          |                      --0.86%--update_rq_clock
                                                |          |          
                                                |           --2.96%--hrtimer_start_range_ns
                                                |                     |          
                                                |                     |--1.56%--enqueue_hrtimer
                                                |                     |          |          
                                                |                     |           --0.97%--timerqueue_add
                                                |                     |          
                                                |                      --1.02%--ktime_get
                                                |                                kvm_clock_get_cycles
                                                |                                pvclock_clocksource_read
                                                |          
                                                |--3.54%--syscall_exit_to_user_mode
                                                |          exit_to_user_mode_prepare
                                                |          |          
                                                |          |--2.16%--__rseq_handle_notify_resume
                                                |          |          |          
                                                |          |           --1.14%--__get_user_8
                                                |          |          
                                                |           --1.39%--switch_fpu_return
                                                |                     |          
                                                |                      --0.58%--restore_fpregs_from_fpstate
                                                |          
                                                 --1.10%--x64_sys_call

    25.77%     0.00%  rw_us    libc.so.6             [.] usleep
            |
            ---usleep
               __GI___nanosleep (inlined)
               |          
                --25.46%--__GI___clock_nanosleep (inlined)
                          entry_SYSCALL_64_after_hwframe
                          |          
                           --25.07%--do_syscall_64
                                     |          
                                     |--19.88%--__x64_sys_clock_nanosleep
                                     |          common_nsleep
                                     |          hrtimer_nanosleep
                                     |          do_nanosleep
                                     |          |          
                                     |          |--16.33%--schedule
                                     |          |          |          
                                     |          |           --16.02%--__schedule
                                     |          |                     |          
                                     |          |                     |--4.32%--dequeue_task_fair
                                     |          |                     |          |          
                                     |          |                     |           --3.62%--dequeue_entity
                                     |          |                     |                     update_curr
                                     |          |                     |                     |          
                                     |          |                     |                     |--1.48%--cpuacct_charge
                                     |          |                     |                     |          
                                     |          |                     |                      --0.59%--__cgroup_account_cputime
                                     |          |                     |                                cgroup_rstat_updated
                                     |          |                     |          
                                     |          |                     |--3.95%--__perf_event_task_sched_out
                                     |          |                     |          |          
                                     |          |                     |           --3.08%--amd_pmu_disable_all
                                     |          |                     |                     x86_pmu_disable_all
                                     |          |                     |                     |          
                                     |          |                     |                      --2.50%--native_read_msr
                                     |          |                     |          
                                     |          |                     |--3.03%--pick_next_task_fair
                                     |          |                     |          newidle_balance
                                     |          |                     |          |          
                                     |          |                     |          |--1.42%--load_balance
                                     |          |                     |          |          |          
                                     |          |                     |          |          |--0.88%--find_busiest_group
                                     |          |                     |          |          |          update_sd_lb_stats.constprop.0
                                     |          |                     |          |          |          |          
                                     |          |                     |          |          |           --0.56%--idle_cpu
                                     |          |                     |          |          |          
                                     |          |                     |          |           --0.53%--_raw_spin_rq_lock_irqsave
                                     |          |                     |          |                     raw_spin_rq_lock_nested
                                     |          |                     |          |                     _raw_spin_lock
                                     |          |                     |          |                     __pv_queued_spin_lock_slowpath
                                     |          |                     |          |          
                                     |          |                     |          |--0.65%--__msecs_to_jiffies
                                     |          |                     |          |          
                                     |          |                     |           --0.53%--update_blocked_averages
                                     |          |                     |                     update_rq_clock
                                     |          |                     |                     sched_clock_cpu
                                     |          |                     |                     kvm_sched_clock_read
                                     |          |                     |                     pvclock_clocksource_read
                                     |          |                     |          
                                     |          |                     |--1.61%--psi_task_switch
                                     |          |                     |          psi_group_change
                                     |          |                     |          |          
                                     |          |                     |           --0.52%--sched_clock_cpu
                                     |          |                     |                     kvm_sched_clock_read
                                     |          |                     |                     pvclock_clocksource_read
                                     |          |                     |          
                                     |          |                      --0.86%--update_rq_clock
                                     |          |          
                                     |           --2.96%--hrtimer_start_range_ns
                                     |                     |          
                                     |                     |--1.56%--enqueue_hrtimer
                                     |                     |          |          
                                     |                     |           --0.97%--timerqueue_add
                                     |                     |          
                                     |                      --1.02%--ktime_get
                                     |                                kvm_clock_get_cycles
                                     |                                pvclock_clocksource_read
                                     |          
                                     |--3.54%--syscall_exit_to_user_mode
                                     |          exit_to_user_mode_prepare
                                     |          |          
                                     |          |--2.16%--__rseq_handle_notify_resume
                                     |          |          |          
                                     |          |           --1.14%--__get_user_8
                                     |          |          
                                     |           --1.39%--switch_fpu_return
                                     |                     |          
                                     |                      --0.58%--restore_fpregs_from_fpstate
                                     |          
                                      --1.10%--x64_sys_call

    25.77%     0.00%  rw_us    libc.so.6             [.] __GI___nanosleep (inlined)
            |
            ---__GI___nanosleep (inlined)
               |          
                --25.46%--__GI___clock_nanosleep (inlined)
                          entry_SYSCALL_64_after_hwframe
                          |          
                           --25.07%--do_syscall_64
                                     |          
                                     |--19.88%--__x64_sys_clock_nanosleep
                                     |          common_nsleep
                                     |          hrtimer_nanosleep
                                     |          do_nanosleep
                                     |          |          
                                     |          |--16.33%--schedule
                                     |          |          |          
                                     |          |           --16.02%--__schedule
                                     |          |                     |          
                                     |          |                     |--4.32%--dequeue_task_fair
                                     |          |                     |          |          
                                     |          |                     |           --3.62%--dequeue_entity
                                     |          |                     |                     update_curr
                                     |          |                     |                     |          
                                     |          |                     |                     |--1.48%--cpuacct_charge
                                     |          |                     |                     |          
                                     |          |                     |                      --0.59%--__cgroup_account_cputime
                                     |          |                     |                                cgroup_rstat_updated
                                     |          |                     |          
                                     |          |                     |--3.95%--__perf_event_task_sched_out
                                     |          |                     |          |          
                                     |          |                     |           --3.08%--amd_pmu_disable_all
                                     |          |                     |                     x86_pmu_disable_all
                                     |          |                     |                     |          
                                     |          |                     |                      --2.50%--native_read_msr
                                     |          |                     |          
                                     |          |                     |--3.03%--pick_next_task_fair
                                     |          |                     |          newidle_balance
                                     |          |                     |          |          
                                     |          |                     |          |--1.42%--load_balance
                                     |          |                     |          |          |          
                                     |          |                     |          |          |--0.88%--find_busiest_group
                                     |          |                     |          |          |          update_sd_lb_stats.constprop.0
                                     |          |                     |          |          |          |          
                                     |          |                     |          |          |           --0.56%--idle_cpu
                                     |          |                     |          |          |          
                                     |          |                     |          |           --0.53%--_raw_spin_rq_lock_irqsave
                                     |          |                     |          |                     raw_spin_rq_lock_nested
                                     |          |                     |          |                     _raw_spin_lock
                                     |          |                     |          |                     __pv_queued_spin_lock_slowpath
                                     |          |                     |          |          
                                     |          |                     |          |--0.65%--__msecs_to_jiffies
                                     |          |                     |          |          
                                     |          |                     |           --0.53%--update_blocked_averages
                                     |          |                     |                     update_rq_clock
                                     |          |                     |                     sched_clock_cpu
                                     |          |                     |                     kvm_sched_clock_read
                                     |          |                     |                     pvclock_clocksource_read
                                     |          |                     |          
                                     |          |                     |--1.61%--psi_task_switch
                                     |          |                     |          psi_group_change
                                     |          |                     |          |          
                                     |          |                     |           --0.52%--sched_clock_cpu
                                     |          |                     |                     kvm_sched_clock_read
                                     |          |                     |                     pvclock_clocksource_read
                                     |          |                     |          
                                     |          |                      --0.86%--update_rq_clock
                                     |          |          
                                     |           --2.96%--hrtimer_start_range_ns
                                     |                     |          
                                     |                     |--1.56%--enqueue_hrtimer
                                     |                     |          |          
                                     |                     |           --0.97%--timerqueue_add
                                     |                     |          
                                     |                      --1.02%--ktime_get
                                     |                                kvm_clock_get_cycles
                                     |                                pvclock_clocksource_read
                                     |          
                                     |--3.54%--syscall_exit_to_user_mode
                                     |          exit_to_user_mode_prepare
                                     |          |          
                                     |          |--2.16%--__rseq_handle_notify_resume
                                     |          |          |          
                                     |          |           --1.14%--__get_user_8
                                     |          |          
                                     |           --1.39%--switch_fpu_return
                                     |                     |          
                                     |                      --0.58%--restore_fpregs_from_fpstate
                                     |          
                                      --1.10%--x64_sys_call

    25.46%     0.00%  rw_us    libc.so.6             [.] __GI___clock_nanosleep (inlined)
            |
            ---__GI___clock_nanosleep (inlined)
               entry_SYSCALL_64_after_hwframe
               |          
                --25.07%--do_syscall_64
                          |          
                          |--19.88%--__x64_sys_clock_nanosleep
                          |          common_nsleep
                          |          hrtimer_nanosleep
                          |          do_nanosleep
                          |          |          
                          |          |--16.33%--schedule
                          |          |          |          
                          |          |           --16.02%--__schedule
                          |          |                     |          
                          |          |                     |--4.32%--dequeue_task_fair
                          |          |                     |          |          
                          |          |                     |           --3.62%--dequeue_entity
                          |          |                     |                     update_curr
                          |          |                     |                     |          
                          |          |                     |                     |--1.48%--cpuacct_charge
                          |          |                     |                     |          
                          |          |                     |                      --0.59%--__cgroup_account_cputime
                          |          |                     |                                cgroup_rstat_updated
                          |          |                     |          
                          |          |                     |--3.95%--__perf_event_task_sched_out
                          |          |                     |          |          
                          |          |                     |           --3.08%--amd_pmu_disable_all
                          |          |                     |                     x86_pmu_disable_all
                          |          |                     |                     |          
                          |          |                     |                      --2.50%--native_read_msr
                          |          |                     |          
                          |          |                     |--3.03%--pick_next_task_fair
                          |          |                     |          newidle_balance
                          |          |                     |          |          
                          |          |                     |          |--1.42%--load_balance
                          |          |                     |          |          |          
                          |          |                     |          |          |--0.88%--find_busiest_group
                          |          |                     |          |          |          update_sd_lb_stats.constprop.0
                          |          |                     |          |          |          |          
                          |          |                     |          |          |           --0.56%--idle_cpu
                          |          |                     |          |          |          
                          |          |                     |          |           --0.53%--_raw_spin_rq_lock_irqsave
                          |          |                     |          |                     raw_spin_rq_lock_nested
                          |          |                     |          |                     _raw_spin_lock
                          |          |                     |          |                     __pv_queued_spin_lock_slowpath
                          |          |                     |          |          
                          |          |                     |          |--0.65%--__msecs_to_jiffies
                          |          |                     |          |          
                          |          |                     |           --0.53%--update_blocked_averages
                          |          |                     |                     update_rq_clock
                          |          |                     |                     sched_clock_cpu
                          |          |                     |                     kvm_sched_clock_read
                          |          |                     |                     pvclock_clocksource_read
                          |          |                     |          
                          |          |                     |--1.61%--psi_task_switch
                          |          |                     |          psi_group_change
                          |          |                     |          |          
                          |          |                     |           --0.52%--sched_clock_cpu
                          |          |                     |                     kvm_sched_clock_read
                          |          |                     |                     pvclock_clocksource_read
                          |          |                     |          
                          |          |                      --0.86%--update_rq_clock
                          |          |          
                          |           --2.96%--hrtimer_start_range_ns
                          |                     |          
                          |                     |--1.56%--enqueue_hrtimer
                          |                     |          |          
                          |                     |           --0.97%--timerqueue_add
                          |                     |          
                          |                      --1.02%--ktime_get
                          |                                kvm_clock_get_cycles
                          |                                pvclock_clocksource_read
                          |          
                          |--3.54%--syscall_exit_to_user_mode
                          |          exit_to_user_mode_prepare
                          |          |          
                          |          |--2.16%--__rseq_handle_notify_resume
                          |          |          |          
                          |          |           --1.14%--__get_user_8
                          |          |          
                          |           --1.39%--switch_fpu_return
                          |                     |          
                          |                      --0.58%--restore_fpregs_from_fpstate
                          |          
                           --1.10%--x64_sys_call

    24.86%    13.57%  rw_us    [kernel.vmlinux]      [k] unwind_next_frame
            |          
            |--11.29%--unwind_next_frame
            |          |          
            |          |--6.55%--orc_find.part.0
            |          |          
            |           --4.74%--__orc_find
            |          
            |--6.00%--_start
            |          __libc_start_main_impl (inlined)
            |          __libc_start_call_main
            |          main
            |          |          
            |          |--4.13%--__pthread_create_2_1 (inlined)
            |          |          allocate_stack (inlined)
            |          |          |          
            |          |          |--2.22%--__GI___mmap64 (inlined)
            |          |          |          __GI___mmap64 (inlined)
            |          |          |          entry_SYSCALL_64_after_hwframe
            |          |          |          do_syscall_64
            |          |          |          vm_mmap_pgoff
            |          |          |          do_mmap
            |          |          |          mmap_region
            |          |          |          vma_expand
            |          |          |          mas_store_prealloc
            |          |          |          mas_destroy
            |          |          |          kmem_cache_free
            |          |          |          __kasan_slab_free
            |          |          |          kasan_save_free_info
            |          |          |          kasan_set_track
            |          |          |          kasan_save_stack
            |          |          |          stack_trace_save
            |          |          |          arch_stack_walk
            |          |          |          unwind_next_frame
            |          |          |          
            |          |           --1.90%--setup_stack_prot (inlined)
            |          |                     __GI_mprotect (inlined)
            |          |                     entry_SYSCALL_64_after_hwframe
            |          |                     do_syscall_64
            |          |                     __x64_sys_mprotect
            |          |                     do_mprotect_pkey
            |          |                     mprotect_fixup
            |          |                     __split_vma
            |          |                     __vma_adjust
            |          |                     mas_store_prealloc
            |          |                     mas_destroy
            |          |                     kmem_cache_free_bulk.part.0
            |          |                     __kasan_slab_free
            |          |                     kasan_save_free_info
            |          |                     kasan_set_track
            |          |                     kasan_save_stack
            |          |                     stack_trace_save
            |          |                     arch_stack_walk
            |          |                     unwind_next_frame
            |          |          
            |           --1.87%--__pthread_clockjoin_ex
            |                     __GI___nptl_deallocate_stack
            |                     queue_stack (inlined)
            |                     __nptl_free_stacks
            |                     __GI_munmap (inlined)
            |                     entry_SYSCALL_64_after_hwframe
            |                     do_syscall_64
            |                     __x64_sys_munmap
            |                     __vm_munmap
            |                     do_mas_munmap
            |                     do_mas_align_munmap
            |                     mas_preallocate
            |                     mas_alloc_nodes
            |                     kmem_cache_alloc
            |                     __kasan_slab_alloc
            |                     kasan_set_track
            |                     kasan_save_stack
            |                     stack_trace_save
            |                     arch_stack_walk
            |                     unwind_next_frame
            |          
            |--4.13%--_start
            |          _dl_start
            |          _dl_start_final (inlined)
            |          _dl_sysdep_start
            |          dl_main
            |          _dl_map_object_deps
            |          _dl_catch_exception
            |          openaux
            |          _dl_map_object
            |          _dl_map_object_from_fd
            |          _dl_map_segments (inlined)
            |          __mmap64 (inlined)
            |          __mmap64 (inlined)
            |          entry_SYSCALL_64_after_hwframe
            |          do_syscall_64
            |          ksys_mmap_pgoff
            |          vm_mmap_pgoff
            |          do_mmap
            |          mmap_region
            |          do_mas_munmap
            |          do_mas_align_munmap
            |          |          
            |          |--2.16%--mas_store_prealloc
            |          |          mas_destroy
            |          |          kmem_cache_free_bulk.part.0
            |          |          __kasan_slab_free
            |          |          kasan_save_free_info
            |          |          kasan_set_track
            |          |          kasan_save_stack
            |          |          stack_trace_save
            |          |          arch_stack_walk
            |          |          unwind_next_frame
            |          |          
            |           --1.97%--__split_vma
            |                     __vma_adjust
            |                     mas_store_prealloc
            |                     mas_destroy
            |                     kmem_cache_free_bulk.part.0
            |                     __kasan_slab_free
            |                     kasan_save_free_info
            |                     kasan_set_track
            |                     kasan_save_stack
            |                     stack_trace_save
            |                     arch_stack_walk
            |                     unwind_next_frame
            |          
            |--2.44%--clone3
            |          entry_SYSCALL_64_after_hwframe
            |          do_syscall_64
            |          __do_sys_clone3
            |          kernel_clone
            |          copy_process
            |          perf_event_init_task
            |          inherit_task_group.isra.0
            |          inherit_event.constprop.0
            |          perf_event_alloc
            |          perf_try_init_event
            |          x86_pmu_event_init
            |          __kmem_cache_free
            |          __kasan_slab_free
            |          kasan_save_free_info
            |          kasan_set_track
            |          kasan_save_stack
            |          stack_trace_save
            |          arch_stack_walk
            |          unwind_next_frame
            |          
             --0.99%--entry_SYSCALL_64_after_hwframe
                       do_syscall_64
                       __x64_sys_execve
                       do_execveat_common.isra.0
                       bprm_execve
                       load_elf_binary
                       setup_arg_pages
                       |          
                        --0.92%--expand_downwards
                                  mas_store_prealloc
                                  mas_destroy
                                  kmem_cache_free
                                  __kasan_slab_free
                                  kasan_save_free_info
                                  kasan_set_track
                                  kasan_save_stack
                                  stack_trace_save
                                  arch_stack_walk
                                  unwind_next_frame

    21.34%     0.00%  rw_us    [kernel.vmlinux]      [k] __kasan_slab_free
            |
            ---__kasan_slab_free
               kasan_save_free_info
               kasan_set_track
               kasan_save_stack
               |          
                --19.45%--stack_trace_save
                          arch_stack_walk
                          |          
                          |--15.95%--unwind_next_frame
                          |          |          
                          |          |--2.25%--__orc_find
                          |          |          
                          |           --2.06%--orc_find.part.0
                          |          
                           --1.63%--unwind_get_return_address

    21.34%     0.00%  rw_us    [kernel.vmlinux]      [k] kasan_save_free_info
            |
            ---kasan_save_free_info
               kasan_set_track
               kasan_save_stack
               |          
                --19.45%--stack_trace_save
                          arch_stack_walk
                          |          
                          |--15.95%--unwind_next_frame
                          |          |          
                          |          |--2.25%--__orc_find
                          |          |          
                          |           --2.06%--orc_find.part.0
                          |          
                           --1.63%--unwind_get_return_address

    21.34%     0.31%  rw_us    [kernel.vmlinux]      [k] schedule
            |          
             --21.03%--schedule
                       __schedule
                       |          
                       |--8.53%--dequeue_task_fair
                       |          |          
                       |           --5.64%--dequeue_entity
                       |                     |          
                       |                      --5.51%--update_curr
                       |                                |          
                       |                                |--1.48%--cpuacct_charge
                       |                                |          
                       |                                |--1.38%--__calc_delta
                       |                                |          
                       |                                 --1.09%--__cgroup_account_cputime
                       |                                           cgroup_rstat_updated
                       |          
                       |--4.13%--__perf_event_task_sched_out
                       |          |          
                       |           --3.26%--amd_pmu_disable_all
                       |                     x86_pmu_disable_all
                       |                     |          
                       |                      --2.50%--native_read_msr
                       |          
                       |--3.39%--pick_next_task_fair
                       |          newidle_balance
                       |          |          
                       |          |--1.42%--load_balance
                       |          |          |          
                       |          |          |--0.88%--find_busiest_group
                       |          |          |          update_sd_lb_stats.constprop.0
                       |          |          |          |          
                       |          |          |           --0.56%--idle_cpu
                       |          |          |          
                       |          |           --0.53%--_raw_spin_rq_lock_irqsave
                       |          |                     raw_spin_rq_lock_nested
                       |          |                     _raw_spin_lock
                       |          |                     __pv_queued_spin_lock_slowpath
                       |          |          
                       |          |--0.65%--__msecs_to_jiffies
                       |          |          
                       |           --0.53%--update_blocked_averages
                       |                     update_rq_clock
                       |                     sched_clock_cpu
                       |                     kvm_sched_clock_read
                       |                     pvclock_clocksource_read
                       |          
                       |--1.87%--psi_task_switch
                       |          psi_group_change
                       |          |          
                       |           --0.77%--sched_clock_cpu
                       |                     kvm_sched_clock_read
                       |                     pvclock_clocksource_read
                       |          
                        --0.86%--update_rq_clock

    21.10%     0.00%  rw_us    [kernel.vmlinux]      [k] vm_mmap_pgoff
            |
            ---vm_mmap_pgoff
               |          
               |--19.13%--do_mmap
               |          |          
               |          |--16.93%--mmap_region
               |          |          |          
               |          |          |--6.20%--do_mas_munmap
               |          |          |          do_mas_align_munmap
               |          |          |          |          
               |          |          |          |--4.04%--__split_vma
               |          |          |          |          __vma_adjust
               |          |          |          |          mas_store_prealloc
               |          |          |          |          mas_destroy
               |          |          |          |          kmem_cache_free_bulk.part.0
               |          |          |          |          __kasan_slab_free
               |          |          |          |          kasan_save_free_info
               |          |          |          |          kasan_set_track
               |          |          |          |          kasan_save_stack
               |          |          |          |          stack_trace_save
               |          |          |          |          arch_stack_walk
               |          |          |          |          unwind_next_frame
               |          |          |          |          |          
               |          |          |          |           --2.06%--orc_find.part.0
               |          |          |          |          
               |          |          |           --2.16%--mas_store_prealloc
               |          |          |                     mas_destroy
               |          |          |                     kmem_cache_free_bulk.part.0
               |          |          |                     __kasan_slab_free
               |          |          |                     kasan_save_free_info
               |          |          |                     kasan_set_track
               |          |          |                     kasan_save_stack
               |          |          |                     stack_trace_save
               |          |          |                     arch_stack_walk
               |          |          |                     unwind_next_frame
               |          |          |          
               |          |          |--3.88%--mas_store_prealloc
               |          |          |          mas_destroy
               |          |          |          |          
               |          |          |          |--2.25%--kmem_cache_free_bulk.part.0
               |          |          |          |          __kasan_slab_free
               |          |          |          |          kasan_save_free_info
               |          |          |          |          kasan_set_track
               |          |          |          |          kasan_save_stack
               |          |          |          |          stack_trace_save
               |          |          |          |          arch_stack_walk
               |          |          |          |          unwind_next_frame
               |          |          |          |          __orc_find
               |          |          |          |          
               |          |          |           --1.63%--kmem_cache_free
               |          |          |                     __kasan_slab_free
               |          |          |                     kasan_save_free_info
               |          |          |                     kasan_set_track
               |          |          |                     kasan_save_stack
               |          |          |                     stack_trace_save
               |          |          |                     arch_stack_walk
               |          |          |                     unwind_get_return_address
               |          |          |          
               |          |          |--3.19%--mas_preallocate
               |          |          |          mas_alloc_nodes
               |          |          |          |          
               |          |          |          |--1.94%--kmem_cache_alloc
               |          |          |          |          __kasan_slab_alloc
               |          |          |          |          kasan_set_track
               |          |          |          |          kasan_save_stack
               |          |          |          |          stack_trace_save
               |          |          |          |          arch_stack_walk
               |          |          |          |          
               |          |          |           --1.25%--kmem_cache_alloc_bulk
               |          |          |          
               |          |          |--2.22%--vma_expand
               |          |          |          mas_store_prealloc
               |          |          |          mas_destroy
               |          |          |          kmem_cache_free
               |          |          |          __kasan_slab_free
               |          |          |          kasan_save_free_info
               |          |          |          kasan_set_track
               |          |          |          kasan_save_stack
               |          |          |          stack_trace_save
               |          |          |          arch_stack_walk
               |          |          |          unwind_next_frame
               |          |          |          
               |          |           --1.44%--perf_event_mmap
               |          |                     kmalloc_trace
               |          |                     __kmem_cache_alloc_node
               |          |                     ___slab_alloc
               |          |          
               |           --2.20%--get_unmapped_area
               |                     arch_get_unmapped_area_topdown
               |                     vm_unmapped_area
               |                     mas_empty_area_rev
               |          
                --1.97%--down_write_killable
                          rwsem_down_write_slowpath
                          kasan_check_range

    21.03%     1.82%  rw_us    [kernel.vmlinux]      [k] __schedule
            |          
            |--19.21%--__schedule
            |          |          
            |          |--8.53%--dequeue_task_fair
            |          |          |          
            |          |           --5.64%--dequeue_entity
            |          |                     |          
            |          |                      --5.51%--update_curr
            |          |                                |          
            |          |                                |--1.48%--cpuacct_charge
            |          |                                |          
            |          |                                |--1.38%--__calc_delta
            |          |                                |          
            |          |                                 --1.09%--__cgroup_account_cputime
            |          |                                           cgroup_rstat_updated
            |          |          
            |          |--4.13%--__perf_event_task_sched_out
            |          |          |          
            |          |           --3.26%--amd_pmu_disable_all
            |          |                     x86_pmu_disable_all
            |          |                     |          
            |          |                      --2.50%--native_read_msr
            |          |          
            |          |--3.39%--pick_next_task_fair
            |          |          newidle_balance
            |          |          |          
            |          |          |--1.42%--load_balance
            |          |          |          |          
            |          |          |          |--0.88%--find_busiest_group
            |          |          |          |          update_sd_lb_stats.constprop.0
            |          |          |          |          |          
            |          |          |          |           --0.56%--idle_cpu
            |          |          |          |          
            |          |          |           --0.53%--_raw_spin_rq_lock_irqsave
            |          |          |                     raw_spin_rq_lock_nested
            |          |          |                     _raw_spin_lock
            |          |          |                     __pv_queued_spin_lock_slowpath
            |          |          |          
            |          |          |--0.65%--__msecs_to_jiffies
            |          |          |          
            |          |           --0.53%--update_blocked_averages
            |          |                     update_rq_clock
            |          |                     sched_clock_cpu
            |          |                     kvm_sched_clock_read
            |          |                     pvclock_clocksource_read
            |          |          
            |          |--1.87%--psi_task_switch
            |          |          psi_group_change
            |          |          |          
            |          |           --0.77%--sched_clock_cpu
            |          |                     kvm_sched_clock_read
            |          |                     pvclock_clocksource_read
            |          |          
            |           --0.86%--update_rq_clock
            |          
             --1.82%--clone3
                       start_thread
                       |          
                       |--1.06%--writer_thread
                       |          msleep
                       |          usleep
                       |          __GI___nanosleep (inlined)
                       |          __GI___clock_nanosleep (inlined)
                       |          entry_SYSCALL_64_after_hwframe
                       |          do_syscall_64
                       |          __x64_sys_clock_nanosleep
                       |          common_nsleep
                       |          hrtimer_nanosleep
                       |          do_nanosleep
                       |          schedule
                       |          __schedule
                       |          
                        --0.76%--reader_thread
                                  msleep
                                  usleep
                                  __GI___nanosleep (inlined)
                                  __GI___clock_nanosleep (inlined)
                                  entry_SYSCALL_64_after_hwframe
                                  do_syscall_64
                                  __x64_sys_clock_nanosleep
                                  common_nsleep
                                  hrtimer_nanosleep
                                  do_nanosleep
                                  schedule
                                  __schedule

    20.80%     0.00%  rw_us    rw_us                 [.] _start
            |
            ---_start
               __libc_start_main_impl (inlined)
               __libc_start_call_main
               |          
               |--18.93%--main
               |          |          
               |          |--12.83%--__pthread_create_2_1 (inlined)
               |          |          allocate_stack (inlined)
               |          |          |          
               |          |          |--6.44%--setup_stack_prot (inlined)
               |          |          |          __GI_mprotect (inlined)
               |          |          |          entry_SYSCALL_64_after_hwframe
               |          |          |          do_syscall_64
               |          |          |          __x64_sys_mprotect
               |          |          |          do_mprotect_pkey
               |          |          |          mprotect_fixup
               |          |          |          |          
               |          |          |          |--4.40%--__split_vma
               |          |          |          |          __vma_adjust
               |          |          |          |          |          
               |          |          |          |          |--2.49%--mas_preallocate
               |          |          |          |          |          mas_alloc_nodes
               |          |          |          |          |          kmem_cache_alloc_bulk
               |          |          |          |          |          __kasan_slab_alloc
               |          |          |          |          |          kasan_set_track
               |          |          |          |          |          kasan_save_stack
               |          |          |          |          |          stack_trace_save
               |          |          |          |          |          arch_stack_walk
               |          |          |          |          |          unwind_next_frame
               |          |          |          |          |          orc_find.part.0
               |          |          |          |          |          
               |          |          |          |           --1.90%--mas_store_prealloc
               |          |          |          |                     mas_destroy
               |          |          |          |                     kmem_cache_free_bulk.part.0
               |          |          |          |                     __kasan_slab_free
               |          |          |          |                     kasan_save_free_info
               |          |          |          |                     kasan_set_track
               |          |          |          |                     kasan_save_stack
               |          |          |          |                     stack_trace_save
               |          |          |          |                     arch_stack_walk
               |          |          |          |                     unwind_next_frame
               |          |          |          |          
               |          |          |           --2.04%--perf_event_mmap
               |          |          |                     perf_iterate_sb
               |          |          |                     perf_iterate_ctx
               |          |          |                     perf_event_mmap_output
               |          |          |                     perf_output_copy
               |          |          |                     __output_copy
               |          |          |                     __memcpy
               |          |          |          
               |          |           --6.39%--__GI___mmap64 (inlined)
               |          |                     __GI___mmap64 (inlined)
               |          |                     entry_SYSCALL_64_after_hwframe
               |          |                     do_syscall_64
               |          |                     vm_mmap_pgoff
               |          |                     |          
               |          |                     |--4.42%--do_mmap
               |          |                     |          |          
               |          |                     |          |--2.22%--mmap_region
               |          |                     |          |          vma_expand
               |          |                     |          |          mas_store_prealloc
               |          |                     |          |          mas_destroy
               |          |                     |          |          kmem_cache_free
               |          |                     |          |          __kasan_slab_free
               |          |                     |          |          kasan_save_free_info
               |          |                     |          |          kasan_set_track
               |          |                     |          |          kasan_save_stack
               |          |                     |          |          stack_trace_save
               |          |                     |          |          arch_stack_walk
               |          |                     |          |          unwind_next_frame
               |          |                     |          |          
               |          |                     |           --2.20%--get_unmapped_area
               |          |                     |                     arch_get_unmapped_area_topdown
               |          |                     |                     vm_unmapped_area
               |          |                     |                     mas_empty_area_rev
               |          |                     |          
               |          |                      --1.97%--down_write_killable
               |          |                                rwsem_down_write_slowpath
               |          |                                kasan_check_range
               |          |          
               |          |--3.74%--__pthread_clockjoin_ex
               |          |          __GI___nptl_deallocate_stack
               |          |          queue_stack (inlined)
               |          |          __nptl_free_stacks
               |          |          |          
               |          |           --1.87%--__GI_munmap (inlined)
               |          |                     entry_SYSCALL_64_after_hwframe
               |          |                     do_syscall_64
               |          |                     __x64_sys_munmap
               |          |                     __vm_munmap
               |          |                     do_mas_munmap
               |          |                     do_mas_align_munmap
               |          |                     mas_preallocate
               |          |                     mas_alloc_nodes
               |          |                     kmem_cache_alloc
               |          |                     __kasan_slab_alloc
               |          |                     kasan_set_track
               |          |                     kasan_save_stack
               |          |                     stack_trace_save
               |          |                     arch_stack_walk
               |          |                     unwind_next_frame
               |          |          
               |           --2.36%--__GI__IO_puts (inlined)
               |                     _IO_new_file_xsputn (inlined)
               |                     _IO_new_file_xsputn (inlined)
               |                     _IO_new_file_overflow (inlined)
               |                     __GI__IO_doallocbuf (inlined)
               |                     __GI__IO_doallocbuf (inlined)
               |                     __GI__IO_file_doallocate (inlined)
               |                     __GI___libc_malloc (inlined)
               |                     tcache_init (inlined)
               |                     tcache_init (inlined)
               |                     _int_malloc
               |                     sysmalloc
               |                     __glibc_morecore (inlined)
               |                     __GI___sbrk (inlined)
               |                     __brk
               |                     entry_SYSCALL_64_after_hwframe
               |                     do_syscall_64
               |                     __do_sys_brk
               |                     userfaultfd_unmap_complete
               |          
                --1.87%--__GI_exit (inlined)
                          __run_exit_handlers
                          _IO_cleanup
                          _IO_flush_all_lockp
                          _IO_new_do_write (inlined)
                          new_do_write
                          _IO_new_file_write (inlined)
                          __GI___libc_write
                          __GI___libc_write
                          entry_SYSCALL_64_after_hwframe
                          do_syscall_64
                          ksys_write
                          vfs_write
                          pipe_write
                          file_update_time
                          current_time

    20.80%     0.00%  rw_us    libc.so.6             [.] __libc_start_call_main
            |
            ---__libc_start_call_main
               |          
               |--18.93%--main
               |          |          
               |          |--12.83%--__pthread_create_2_1 (inlined)
               |          |          allocate_stack (inlined)
               |          |          |          
               |          |          |--6.44%--setup_stack_prot (inlined)
               |          |          |          __GI_mprotect (inlined)
               |          |          |          entry_SYSCALL_64_after_hwframe
               |          |          |          do_syscall_64
               |          |          |          __x64_sys_mprotect
               |          |          |          do_mprotect_pkey
               |          |          |          mprotect_fixup
               |          |          |          |          
               |          |          |          |--4.40%--__split_vma
               |          |          |          |          __vma_adjust
               |          |          |          |          |          
               |          |          |          |          |--2.49%--mas_preallocate
               |          |          |          |          |          mas_alloc_nodes
               |          |          |          |          |          kmem_cache_alloc_bulk
               |          |          |          |          |          __kasan_slab_alloc
               |          |          |          |          |          kasan_set_track
               |          |          |          |          |          kasan_save_stack
               |          |          |          |          |          stack_trace_save
               |          |          |          |          |          arch_stack_walk
               |          |          |          |          |          unwind_next_frame
               |          |          |          |          |          orc_find.part.0
               |          |          |          |          |          
               |          |          |          |           --1.90%--mas_store_prealloc
               |          |          |          |                     mas_destroy
               |          |          |          |                     kmem_cache_free_bulk.part.0
               |          |          |          |                     __kasan_slab_free
               |          |          |          |                     kasan_save_free_info
               |          |          |          |                     kasan_set_track
               |          |          |          |                     kasan_save_stack
               |          |          |          |                     stack_trace_save
               |          |          |          |                     arch_stack_walk
               |          |          |          |                     unwind_next_frame
               |          |          |          |          
               |          |          |           --2.04%--perf_event_mmap
               |          |          |                     perf_iterate_sb
               |          |          |                     perf_iterate_ctx
               |          |          |                     perf_event_mmap_output
               |          |          |                     perf_output_copy
               |          |          |                     __output_copy
               |          |          |                     __memcpy
               |          |          |          
               |          |           --6.39%--__GI___mmap64 (inlined)
               |          |                     __GI___mmap64 (inlined)
               |          |                     entry_SYSCALL_64_after_hwframe
               |          |                     do_syscall_64
               |          |                     vm_mmap_pgoff
               |          |                     |          
               |          |                     |--4.42%--do_mmap
               |          |                     |          |          
               |          |                     |          |--2.22%--mmap_region
               |          |                     |          |          vma_expand
               |          |                     |          |          mas_store_prealloc
               |          |                     |          |          mas_destroy
               |          |                     |          |          kmem_cache_free
               |          |                     |          |          __kasan_slab_free
               |          |                     |          |          kasan_save_free_info
               |          |                     |          |          kasan_set_track
               |          |                     |          |          kasan_save_stack
               |          |                     |          |          stack_trace_save
               |          |                     |          |          arch_stack_walk
               |          |                     |          |          unwind_next_frame
               |          |                     |          |          
               |          |                     |           --2.20%--get_unmapped_area
               |          |                     |                     arch_get_unmapped_area_topdown
               |          |                     |                     vm_unmapped_area
               |          |                     |                     mas_empty_area_rev
               |          |                     |          
               |          |                      --1.97%--down_write_killable
               |          |                                rwsem_down_write_slowpath
               |          |                                kasan_check_range
               |          |          
               |          |--3.74%--__pthread_clockjoin_ex
               |          |          __GI___nptl_deallocate_stack
               |          |          queue_stack (inlined)
               |          |          __nptl_free_stacks
               |          |          |          
               |          |           --1.87%--__GI_munmap (inlined)
               |          |                     entry_SYSCALL_64_after_hwframe
               |          |                     do_syscall_64
               |          |                     __x64_sys_munmap
               |          |                     __vm_munmap
               |          |                     do_mas_munmap
               |          |                     do_mas_align_munmap
               |          |                     mas_preallocate
               |          |                     mas_alloc_nodes
               |          |                     kmem_cache_alloc
               |          |                     __kasan_slab_alloc
               |          |                     kasan_set_track
               |          |                     kasan_save_stack
               |          |                     stack_trace_save
               |          |                     arch_stack_walk
               |          |                     unwind_next_frame
               |          |          
               |           --2.36%--__GI__IO_puts (inlined)
               |                     _IO_new_file_xsputn (inlined)
               |                     _IO_new_file_xsputn (inlined)
               |                     _IO_new_file_overflow (inlined)
               |                     __GI__IO_doallocbuf (inlined)
               |                     __GI__IO_doallocbuf (inlined)
               |                     __GI__IO_file_doallocate (inlined)
               |                     __GI___libc_malloc (inlined)
               |                     tcache_init (inlined)
               |                     tcache_init (inlined)
               |                     _int_malloc
               |                     sysmalloc
               |                     __glibc_morecore (inlined)
               |                     __GI___sbrk (inlined)
               |                     __brk
               |                     entry_SYSCALL_64_after_hwframe
               |                     do_syscall_64
               |                     __do_sys_brk
               |                     userfaultfd_unmap_complete
               |          
                --1.87%--__GI_exit (inlined)
                          __run_exit_handlers
                          _IO_cleanup
                          _IO_flush_all_lockp
                          _IO_new_do_write (inlined)
                          new_do_write
                          _IO_new_file_write (inlined)
                          __GI___libc_write
                          __GI___libc_write
                          entry_SYSCALL_64_after_hwframe
                          do_syscall_64
                          ksys_write
                          vfs_write
                          pipe_write
                          file_update_time
                          current_time

    20.80%     0.00%  rw_us    libc.so.6             [.] __libc_start_main_impl (inlined)
            |
            ---__libc_start_main_impl (inlined)
               __libc_start_call_main
               |          
               |--18.93%--main
               |          |          
               |          |--12.83%--__pthread_create_2_1 (inlined)
               |          |          allocate_stack (inlined)
               |          |          |          
               |          |          |--6.44%--setup_stack_prot (inlined)
               |          |          |          __GI_mprotect (inlined)
               |          |          |          entry_SYSCALL_64_after_hwframe
               |          |          |          do_syscall_64
               |          |          |          __x64_sys_mprotect
               |          |          |          do_mprotect_pkey
               |          |          |          mprotect_fixup
               |          |          |          |          
               |          |          |          |--4.40%--__split_vma
               |          |          |          |          __vma_adjust
               |          |          |          |          |          
               |          |          |          |          |--2.49%--mas_preallocate
               |          |          |          |          |          mas_alloc_nodes
               |          |          |          |          |          kmem_cache_alloc_bulk
               |          |          |          |          |          __kasan_slab_alloc
               |          |          |          |          |          kasan_set_track
               |          |          |          |          |          kasan_save_stack
               |          |          |          |          |          stack_trace_save
               |          |          |          |          |          arch_stack_walk
               |          |          |          |          |          unwind_next_frame
               |          |          |          |          |          orc_find.part.0
               |          |          |          |          |          
               |          |          |          |           --1.90%--mas_store_prealloc
               |          |          |          |                     mas_destroy
               |          |          |          |                     kmem_cache_free_bulk.part.0
               |          |          |          |                     __kasan_slab_free
               |          |          |          |                     kasan_save_free_info
               |          |          |          |                     kasan_set_track
               |          |          |          |                     kasan_save_stack
               |          |          |          |                     stack_trace_save
               |          |          |          |                     arch_stack_walk
               |          |          |          |                     unwind_next_frame
               |          |          |          |          
               |          |          |           --2.04%--perf_event_mmap
               |          |          |                     perf_iterate_sb
               |          |          |                     perf_iterate_ctx
               |          |          |                     perf_event_mmap_output
               |          |          |                     perf_output_copy
               |          |          |                     __output_copy
               |          |          |                     __memcpy
               |          |          |          
               |          |           --6.39%--__GI___mmap64 (inlined)
               |          |                     __GI___mmap64 (inlined)
               |          |                     entry_SYSCALL_64_after_hwframe
               |          |                     do_syscall_64
               |          |                     vm_mmap_pgoff
               |          |                     |          
               |          |                     |--4.42%--do_mmap
               |          |                     |          |          
               |          |                     |          |--2.22%--mmap_region
               |          |                     |          |          vma_expand
               |          |                     |          |          mas_store_prealloc
               |          |                     |          |          mas_destroy
               |          |                     |          |          kmem_cache_free
               |          |                     |          |          __kasan_slab_free
               |          |                     |          |          kasan_save_free_info
               |          |                     |          |          kasan_set_track
               |          |                     |          |          kasan_save_stack
               |          |                     |          |          stack_trace_save
               |          |                     |          |          arch_stack_walk
               |          |                     |          |          unwind_next_frame
               |          |                     |          |          
               |          |                     |           --2.20%--get_unmapped_area
               |          |                     |                     arch_get_unmapped_area_topdown
               |          |                     |                     vm_unmapped_area
               |          |                     |                     mas_empty_area_rev
               |          |                     |          
               |          |                      --1.97%--down_write_killable
               |          |                                rwsem_down_write_slowpath
               |          |                                kasan_check_range
               |          |          
               |          |--3.74%--__pthread_clockjoin_ex
               |          |          __GI___nptl_deallocate_stack
               |          |          queue_stack (inlined)
               |          |          __nptl_free_stacks
               |          |          |          
               |          |           --1.87%--__GI_munmap (inlined)
               |          |                     entry_SYSCALL_64_after_hwframe
               |          |                     do_syscall_64
               |          |                     __x64_sys_munmap
               |          |                     __vm_munmap
               |          |                     do_mas_munmap
               |          |                     do_mas_align_munmap
               |          |                     mas_preallocate
               |          |                     mas_alloc_nodes
               |          |                     kmem_cache_alloc
               |          |                     __kasan_slab_alloc
               |          |                     kasan_set_track
               |          |                     kasan_save_stack
               |          |                     stack_trace_save
               |          |                     arch_stack_walk
               |          |                     unwind_next_frame
               |          |          
               |           --2.36%--__GI__IO_puts (inlined)
               |                     _IO_new_file_xsputn (inlined)
               |                     _IO_new_file_xsputn (inlined)
               |                     _IO_new_file_overflow (inlined)
               |                     __GI__IO_doallocbuf (inlined)
               |                     __GI__IO_doallocbuf (inlined)
               |                     __GI__IO_file_doallocate (inlined)
               |                     __GI___libc_malloc (inlined)
               |                     tcache_init (inlined)
               |                     tcache_init (inlined)
               |                     _int_malloc
               |                     sysmalloc
               |                     __glibc_morecore (inlined)
               |                     __GI___sbrk (inlined)
               |                     __brk
               |                     entry_SYSCALL_64_after_hwframe
               |                     do_syscall_64
               |                     __do_sys_brk
               |                     userfaultfd_unmap_complete
               |          
                --1.87%--__GI_exit (inlined)
                          __run_exit_handlers
                          _IO_cleanup
                          _IO_flush_all_lockp
                          _IO_new_do_write (inlined)
                          new_do_write
                          _IO_new_file_write (inlined)
                          __GI___libc_write
                          __GI___libc_write
                          entry_SYSCALL_64_after_hwframe
                          do_syscall_64
                          ksys_write
                          vfs_write
                          pipe_write
                          file_update_time
                          current_time

    19.88%     0.00%  rw_us    [kernel.vmlinux]      [k] __x64_sys_clock_nanosleep
            |
            ---__x64_sys_clock_nanosleep
               common_nsleep
               hrtimer_nanosleep
               do_nanosleep
               |          
               |--16.33%--schedule
               |          |          
               |           --16.02%--__schedule
               |                     |          
               |                     |--4.32%--dequeue_task_fair
               |                     |          |          
               |                     |           --3.62%--dequeue_entity
               |                     |                     update_curr
               |                     |                     |          
               |                     |                     |--1.48%--cpuacct_charge
               |                     |                     |          
               |                     |                      --0.59%--__cgroup_account_cputime
               |                     |                                cgroup_rstat_updated
               |                     |          
               |                     |--3.95%--__perf_event_task_sched_out
               |                     |          |          
               |                     |           --3.08%--amd_pmu_disable_all
               |                     |                     x86_pmu_disable_all
               |                     |                     |          
               |                     |                      --2.50%--native_read_msr
               |                     |          
               |                     |--3.03%--pick_next_task_fair
               |                     |          newidle_balance
               |                     |          |          
               |                     |          |--1.42%--load_balance
               |                     |          |          |          
               |                     |          |          |--0.88%--find_busiest_group
               |                     |          |          |          update_sd_lb_stats.constprop.0
               |                     |          |          |          |          
               |                     |          |          |           --0.56%--idle_cpu
               |                     |          |          |          
               |                     |          |           --0.53%--_raw_spin_rq_lock_irqsave
               |                     |          |                     raw_spin_rq_lock_nested
               |                     |          |                     _raw_spin_lock
               |                     |          |                     __pv_queued_spin_lock_slowpath
               |                     |          |          
               |                     |          |--0.65%--__msecs_to_jiffies
               |                     |          |          
               |                     |           --0.53%--update_blocked_averages
               |                     |                     update_rq_clock
               |                     |                     sched_clock_cpu
               |                     |                     kvm_sched_clock_read
               |                     |                     pvclock_clocksource_read
               |                     |          
               |                     |--1.61%--psi_task_switch
               |                     |          psi_group_change
               |                     |          |          
               |                     |           --0.52%--sched_clock_cpu
               |                     |                     kvm_sched_clock_read
               |                     |                     pvclock_clocksource_read
               |                     |          
               |                      --0.86%--update_rq_clock
               |          
                --2.96%--hrtimer_start_range_ns
                          |          
                          |--1.56%--enqueue_hrtimer
                          |          |          
                          |           --0.97%--timerqueue_add
                          |          
                           --1.02%--ktime_get
                                     kvm_clock_get_cycles
                                     pvclock_clocksource_read

    19.88%     0.00%  rw_us    [kernel.vmlinux]      [k] common_nsleep
            |
            ---common_nsleep
               hrtimer_nanosleep
               do_nanosleep
               |          
               |--16.33%--schedule
               |          |          
               |           --16.02%--__schedule
               |                     |          
               |                     |--4.32%--dequeue_task_fair
               |                     |          |          
               |                     |           --3.62%--dequeue_entity
               |                     |                     update_curr
               |                     |                     |          
               |                     |                     |--1.48%--cpuacct_charge
               |                     |                     |          
               |                     |                      --0.59%--__cgroup_account_cputime
               |                     |                                cgroup_rstat_updated
               |                     |          
               |                     |--3.95%--__perf_event_task_sched_out
               |                     |          |          
               |                     |           --3.08%--amd_pmu_disable_all
               |                     |                     x86_pmu_disable_all
               |                     |                     |          
               |                     |                      --2.50%--native_read_msr
               |                     |          
               |                     |--3.03%--pick_next_task_fair
               |                     |          newidle_balance
               |                     |          |          
               |                     |          |--1.42%--load_balance
               |                     |          |          |          
               |                     |          |          |--0.88%--find_busiest_group
               |                     |          |          |          update_sd_lb_stats.constprop.0
               |                     |          |          |          |          
               |                     |          |          |           --0.56%--idle_cpu
               |                     |          |          |          
               |                     |          |           --0.53%--_raw_spin_rq_lock_irqsave
               |                     |          |                     raw_spin_rq_lock_nested
               |                     |          |                     _raw_spin_lock
               |                     |          |                     __pv_queued_spin_lock_slowpath
               |                     |          |          
               |                     |          |--0.65%--__msecs_to_jiffies
               |                     |          |          
               |                     |           --0.53%--update_blocked_averages
               |                     |                     update_rq_clock
               |                     |                     sched_clock_cpu
               |                     |                     kvm_sched_clock_read
               |                     |                     pvclock_clocksource_read
               |                     |          
               |                     |--1.61%--psi_task_switch
               |                     |          psi_group_change
               |                     |          |          
               |                     |           --0.52%--sched_clock_cpu
               |                     |                     kvm_sched_clock_read
               |                     |                     pvclock_clocksource_read
               |                     |          
               |                      --0.86%--update_rq_clock
               |          
                --2.96%--hrtimer_start_range_ns
                          |          
                          |--1.56%--enqueue_hrtimer
                          |          |          
                          |           --0.97%--timerqueue_add
                          |          
                           --1.02%--ktime_get
                                     kvm_clock_get_cycles
                                     pvclock_clocksource_read

    19.88%     0.59%  rw_us    [kernel.vmlinux]      [k] do_nanosleep
            |          
            |--19.30%--do_nanosleep
            |          |          
            |          |--16.33%--schedule
            |          |          |          
            |          |           --16.02%--__schedule
            |          |                     |          
            |          |                     |--4.32%--dequeue_task_fair
            |          |                     |          |          
            |          |                     |           --3.62%--dequeue_entity
            |          |                     |                     update_curr
            |          |                     |                     |          
            |          |                     |                     |--1.48%--cpuacct_charge
            |          |                     |                     |          
            |          |                     |                      --0.59%--__cgroup_account_cputime
            |          |                     |                                cgroup_rstat_updated
            |          |                     |          
            |          |                     |--3.95%--__perf_event_task_sched_out
            |          |                     |          |          
            |          |                     |           --3.08%--amd_pmu_disable_all
            |          |                     |                     x86_pmu_disable_all
            |          |                     |                     |          
            |          |                     |                      --2.50%--native_read_msr
            |          |                     |          
            |          |                     |--3.03%--pick_next_task_fair
            |          |                     |          newidle_balance
            |          |                     |          |          
            |          |                     |          |--1.42%--load_balance
            |          |                     |          |          |          
            |          |                     |          |          |--0.88%--find_busiest_group
            |          |                     |          |          |          update_sd_lb_stats.constprop.0
            |          |                     |          |          |          |          
            |          |                     |          |          |           --0.56%--idle_cpu
            |          |                     |          |          |          
            |          |                     |          |           --0.53%--_raw_spin_rq_lock_irqsave
            |          |                     |          |                     raw_spin_rq_lock_nested
            |          |                     |          |                     _raw_spin_lock
            |          |                     |          |                     __pv_queued_spin_lock_slowpath
            |          |                     |          |          
            |          |                     |          |--0.65%--__msecs_to_jiffies
            |          |                     |          |          
            |          |                     |           --0.53%--update_blocked_averages
            |          |                     |                     update_rq_clock
            |          |                     |                     sched_clock_cpu
            |          |                     |                     kvm_sched_clock_read
            |          |                     |                     pvclock_clocksource_read
            |          |                     |          
            |          |                     |--1.61%--psi_task_switch
            |          |                     |          psi_group_change
            |          |                     |          |          
            |          |                     |           --0.52%--sched_clock_cpu
            |          |                     |                     kvm_sched_clock_read
            |          |                     |                     pvclock_clocksource_read
            |          |                     |          
            |          |                      --0.86%--update_rq_clock
            |          |          
            |           --2.96%--hrtimer_start_range_ns
            |                     |          
            |                     |--1.56%--enqueue_hrtimer
            |                     |          |          
            |                     |           --0.97%--timerqueue_add
            |                     |          
            |                      --1.02%--ktime_get
            |                                kvm_clock_get_cycles
            |                                pvclock_clocksource_read
            |          
             --0.59%--clone3
                       start_thread
                       reader_thread
                       msleep
                       usleep
                       __GI___nanosleep (inlined)
                       __GI___clock_nanosleep (inlined)
                       entry_SYSCALL_64_after_hwframe
                       do_syscall_64
                       __x64_sys_clock_nanosleep
                       common_nsleep
                       hrtimer_nanosleep
                       do_nanosleep

    19.88%     0.00%  rw_us    [kernel.vmlinux]      [k] hrtimer_nanosleep
            |
            ---hrtimer_nanosleep
               do_nanosleep
               |          
               |--16.33%--schedule
               |          |          
               |           --16.02%--__schedule
               |                     |          
               |                     |--4.32%--dequeue_task_fair
               |                     |          |          
               |                     |           --3.62%--dequeue_entity
               |                     |                     update_curr
               |                     |                     |          
               |                     |                     |--1.48%--cpuacct_charge
               |                     |                     |          
               |                     |                      --0.59%--__cgroup_account_cputime
               |                     |                                cgroup_rstat_updated
               |                     |          
               |                     |--3.95%--__perf_event_task_sched_out
               |                     |          |          
               |                     |           --3.08%--amd_pmu_disable_all
               |                     |                     x86_pmu_disable_all
               |                     |                     |          
               |                     |                      --2.50%--native_read_msr
               |                     |          
               |                     |--3.03%--pick_next_task_fair
               |                     |          newidle_balance
               |                     |          |          
               |                     |          |--1.42%--load_balance
               |                     |          |          |          
               |                     |          |          |--0.88%--find_busiest_group
               |                     |          |          |          update_sd_lb_stats.constprop.0
               |                     |          |          |          |          
               |                     |          |          |           --0.56%--idle_cpu
               |                     |          |          |          
               |                     |          |           --0.53%--_raw_spin_rq_lock_irqsave
               |                     |          |                     raw_spin_rq_lock_nested
               |                     |          |                     _raw_spin_lock
               |                     |          |                     __pv_queued_spin_lock_slowpath
               |                     |          |          
               |                     |          |--0.65%--__msecs_to_jiffies
               |                     |          |          
               |                     |           --0.53%--update_blocked_averages
               |                     |                     update_rq_clock
               |                     |                     sched_clock_cpu
               |                     |                     kvm_sched_clock_read
               |                     |                     pvclock_clocksource_read
               |                     |          
               |                     |--1.61%--psi_task_switch
               |                     |          psi_group_change
               |                     |          |          
               |                     |           --0.52%--sched_clock_cpu
               |                     |                     kvm_sched_clock_read
               |                     |                     pvclock_clocksource_read
               |                     |          
               |                      --0.86%--update_rq_clock
               |          
                --2.96%--hrtimer_start_range_ns
                          |          
                          |--1.56%--enqueue_hrtimer
                          |          |          
                          |           --0.97%--timerqueue_add
                          |          
                           --1.02%--ktime_get
                                     kvm_clock_get_cycles
                                     pvclock_clocksource_read

    19.85%     0.59%  rw_us    rw_us                 [.] reader_thread
            |          
            |--19.26%--reader_thread
            |          |          
            |          |--15.95%--msleep
            |          |          |          
            |          |           --15.73%--usleep
            |          |                     __GI___nanosleep (inlined)
            |          |                     |          
            |          |                      --15.42%--__GI___clock_nanosleep (inlined)
            |          |                                entry_SYSCALL_64_after_hwframe
            |          |                                do_syscall_64
            |          |                                |          
            |          |                                |--12.00%--__x64_sys_clock_nanosleep
            |          |                                |          common_nsleep
            |          |                                |          hrtimer_nanosleep
            |          |                                |          do_nanosleep
            |          |                                |          |          
            |          |                                |          |--9.23%--schedule
            |          |                                |          |          |          
            |          |                                |          |           --8.92%--__schedule
            |          |                                |          |                     |          
            |          |                                |          |                     |--3.38%--__perf_event_task_sched_out
            |          |                                |          |                     |          |          
            |          |                                |          |                     |           --2.80%--amd_pmu_disable_all
            |          |                                |          |                     |                     x86_pmu_disable_all
            |          |                                |          |                     |                     |          
            |          |                                |          |                     |                      --2.21%--native_read_msr
            |          |                                |          |                     |          
            |          |                                |          |                     |--2.38%--pick_next_task_fair
            |          |                                |          |                     |          newidle_balance
            |          |                                |          |                     |          |          
            |          |                                |          |                     |          |--1.42%--load_balance
            |          |                                |          |                     |          |          |          
            |          |                                |          |                     |          |          |--0.88%--find_busiest_group
            |          |                                |          |                     |          |          |          update_sd_lb_stats.constprop.0
            |          |                                |          |                     |          |          |          |          
            |          |                                |          |                     |          |          |           --0.56%--idle_cpu
            |          |                                |          |                     |          |          |          
            |          |                                |          |                     |          |           --0.53%--_raw_spin_rq_lock_irqsave
            |          |                                |          |                     |          |                     raw_spin_rq_lock_nested
            |          |                                |          |                     |          |                     _raw_spin_lock
            |          |                                |          |                     |          |                     __pv_queued_spin_lock_slowpath
            |          |                                |          |                     |          |          
            |          |                                |          |                     |           --0.53%--update_blocked_averages
            |          |                                |          |                     |                     update_rq_clock
            |          |                                |          |                     |                     sched_clock_cpu
            |          |                                |          |                     |                     kvm_sched_clock_read
            |          |                                |          |                     |                     pvclock_clocksource_read
            |          |                                |          |                     |          
            |          |                                |          |                     |--0.86%--update_rq_clock
            |          |                                |          |                     |          
            |          |                                |          |                     |--0.59%--dequeue_task_fair
            |          |                                |          |                     |          dequeue_entity
            |          |                                |          |                     |          update_curr
            |          |                                |          |                     |          __cgroup_account_cputime
            |          |                                |          |                     |          cgroup_rstat_updated
            |          |                                |          |                     |          
            |          |                                |          |                      --0.52%--psi_task_switch
            |          |                                |          |                                psi_group_change
            |          |                                |          |                                sched_clock_cpu
            |          |                                |          |                                kvm_sched_clock_read
            |          |                                |          |                                pvclock_clocksource_read
            |          |                                |          |          
            |          |                                |           --2.19%--hrtimer_start_range_ns
            |          |                                |                     |          
            |          |                                |                     |--1.17%--enqueue_hrtimer
            |          |                                |                     |          |          
            |          |                                |                     |           --0.59%--timerqueue_add
            |          |                                |                     |          
            |          |                                |                      --1.02%--ktime_get
            |          |                                |                                kvm_clock_get_cycles
            |          |                                |                                pvclock_clocksource_read
            |          |                                |          
            |          |                                 --3.26%--syscall_exit_to_user_mode
            |          |                                           exit_to_user_mode_prepare
            |          |                                           |          
            |          |                                           |--2.16%--__rseq_handle_notify_resume
            |          |                                           |          |          
            |          |                                           |           --1.14%--__get_user_8
            |          |                                           |          
            |          |                                            --1.10%--switch_fpu_return
            |          |                                                      |          
            |          |                                                       --0.58%--restore_fpregs_from_fpstate
            |          |          
            |          |--1.53%--__printf (inlined)
            |          |          __vfprintf_internal
            |          |          |          
            |          |          |--1.01%--__find_specmb (inlined)
            |          |          |          __strchrnul_avx2
            |          |          |          
            |          |           --0.52%--outstring_func (inlined)
            |          |                     done_add_func (inlined)
            |          |          
            |          |--1.07%--___pthread_rwlock_unlock (inlined)
            |          |          |          
            |          |           --0.56%--__pthread_rwlock_rdunlock (inlined)
            |          |                     futex_wake (inlined)
            |          |                     entry_SYSCALL_64_after_hwframe
            |          |                     do_syscall_64
            |          |                     __x64_sys_futex
            |          |                     do_futex
            |          |                     futex_wake
            |          |          
            |           --0.58%--_dl_runtime_resolve_xsavec
            |                     _dl_fixup
            |                     _dl_lookup_symbol_x
            |                     do_lookup_x
            |                     check_match
            |                     strcmp
            |          
             --0.59%--clone3
                       start_thread
                       reader_thread

    19.13%     0.00%  rw_us    [kernel.vmlinux]      [k] do_mmap
            |
            ---do_mmap
               |          
               |--16.93%--mmap_region
               |          |          
               |          |--6.20%--do_mas_munmap
               |          |          do_mas_align_munmap
               |          |          |          
               |          |          |--4.04%--__split_vma
               |          |          |          __vma_adjust
               |          |          |          mas_store_prealloc
               |          |          |          mas_destroy
               |          |          |          kmem_cache_free_bulk.part.0
               |          |          |          __kasan_slab_free
               |          |          |          kasan_save_free_info
               |          |          |          kasan_set_track
               |          |          |          kasan_save_stack
               |          |          |          stack_trace_save
               |          |          |          arch_stack_walk
               |          |          |          unwind_next_frame
               |          |          |          |          
               |          |          |           --2.06%--orc_find.part.0
               |          |          |          
               |          |           --2.16%--mas_store_prealloc
               |          |                     mas_destroy
               |          |                     kmem_cache_free_bulk.part.0
               |          |                     __kasan_slab_free
               |          |                     kasan_save_free_info
               |          |                     kasan_set_track
               |          |                     kasan_save_stack
               |          |                     stack_trace_save
               |          |                     arch_stack_walk
               |          |                     unwind_next_frame
               |          |          
               |          |--3.88%--mas_store_prealloc
               |          |          mas_destroy
               |          |          |          
               |          |          |--2.25%--kmem_cache_free_bulk.part.0
               |          |          |          __kasan_slab_free
               |          |          |          kasan_save_free_info
               |          |          |          kasan_set_track
               |          |          |          kasan_save_stack
               |          |          |          stack_trace_save
               |          |          |          arch_stack_walk
               |          |          |          unwind_next_frame
               |          |          |          __orc_find
               |          |          |          
               |          |           --1.63%--kmem_cache_free
               |          |                     __kasan_slab_free
               |          |                     kasan_save_free_info
               |          |                     kasan_set_track
               |          |                     kasan_save_stack
               |          |                     stack_trace_save
               |          |                     arch_stack_walk
               |          |                     unwind_get_return_address
               |          |          
               |          |--3.19%--mas_preallocate
               |          |          mas_alloc_nodes
               |          |          |          
               |          |          |--1.94%--kmem_cache_alloc
               |          |          |          __kasan_slab_alloc
               |          |          |          kasan_set_track
               |          |          |          kasan_save_stack
               |          |          |          stack_trace_save
               |          |          |          arch_stack_walk
               |          |          |          
               |          |           --1.25%--kmem_cache_alloc_bulk
               |          |          
               |          |--2.22%--vma_expand
               |          |          mas_store_prealloc
               |          |          mas_destroy
               |          |          kmem_cache_free
               |          |          __kasan_slab_free
               |          |          kasan_save_free_info
               |          |          kasan_set_track
               |          |          kasan_save_stack
               |          |          stack_trace_save
               |          |          arch_stack_walk
               |          |          unwind_next_frame
               |          |          
               |           --1.44%--perf_event_mmap
               |                     kmalloc_trace
               |                     __kmem_cache_alloc_node
               |                     ___slab_alloc
               |          
                --2.20%--get_unmapped_area
                          arch_get_unmapped_area_topdown
                          vm_unmapped_area
                          mas_empty_area_rev

    19.12%     0.00%  rw_us    rw_us                 [.] writer_thread
            |
            ---writer_thread
               |          
               |--10.04%--msleep
               |          usleep
               |          __GI___nanosleep (inlined)
               |          __GI___clock_nanosleep (inlined)
               |          entry_SYSCALL_64_after_hwframe
               |          |          
               |           --9.65%--do_syscall_64
               |                     |          
               |                     |--7.88%--__x64_sys_clock_nanosleep
               |                     |          common_nsleep
               |                     |          hrtimer_nanosleep
               |                     |          do_nanosleep
               |                     |          |          
               |                     |          |--7.11%--schedule
               |                     |          |          __schedule
               |                     |          |          |          
               |                     |          |          |--3.73%--dequeue_task_fair
               |                     |          |          |          |          
               |                     |          |          |           --3.04%--dequeue_entity
               |                     |          |          |                     update_curr
               |                     |          |          |                     |          
               |                     |          |          |                      --1.48%--cpuacct_charge
               |                     |          |          |          
               |                     |          |          |--1.10%--psi_task_switch
               |                     |          |          |          psi_group_change
               |                     |          |          |          
               |                     |          |          |--0.65%--pick_next_task_fair
               |                     |          |          |          newidle_balance
               |                     |          |          |          __msecs_to_jiffies
               |                     |          |          |          
               |                     |          |           --0.57%--__perf_event_task_sched_out
               |                     |          |          
               |                     |           --0.78%--hrtimer_start_range_ns
               |                     |          
               |                      --1.10%--x64_sys_call
               |          
               |--5.93%--___pthread_rwlock_wrlock (inlined)
               |          __pthread_rwlock_wrlock_full64 (inlined)
               |          __futex_abstimed_wait_common
               |          entry_SYSCALL_64_after_hwframe
               |          do_syscall_64
               |          |          
               |           --5.76%--__x64_sys_futex
               |                     do_futex
               |                     futex_wait
               |                     |          
               |                      --5.30%--futex_wait_queue
               |                                |          
               |                                 --5.01%--schedule
               |                                           __schedule
               |                                           |          
               |                                            --4.21%--dequeue_task_fair
               |                                                      |          
               |                                                       --2.02%--dequeue_entity
               |                                                                 |          
               |                                                                  --1.89%--update_curr
               |                                                                            |          
               |                                                                            |--1.38%--__calc_delta
               |                                                                            |          
               |                                                                             --0.51%--__cgroup_account_cputime
               |                                                                                       cgroup_rstat_updated
               |          
               |--2.43%--___pthread_rwlock_unlock (inlined)
               |          |          
               |           --1.73%--__pthread_rwlock_wrunlock (inlined)
               |                     futex_wake (inlined)
               |                     entry_SYSCALL_64_after_hwframe
               |                     do_syscall_64
               |                     __x64_sys_futex
               |                     |          
               |                      --1.08%--do_futex
               |                                futex_wake
               |          
                --0.70%--__printf (inlined)
                          __vfprintf_internal

    18.93%     0.00%  rw_us    rw_us                 [.] main
            |
            ---main
               |          
               |--12.83%--__pthread_create_2_1 (inlined)
               |          allocate_stack (inlined)
               |          |          
               |          |--6.44%--setup_stack_prot (inlined)
               |          |          __GI_mprotect (inlined)
               |          |          entry_SYSCALL_64_after_hwframe
               |          |          do_syscall_64
               |          |          __x64_sys_mprotect
               |          |          do_mprotect_pkey
               |          |          mprotect_fixup
               |          |          |          
               |          |          |--4.40%--__split_vma
               |          |          |          __vma_adjust
               |          |          |          |          
               |          |          |          |--2.49%--mas_preallocate
               |          |          |          |          mas_alloc_nodes
               |          |          |          |          kmem_cache_alloc_bulk
               |          |          |          |          __kasan_slab_alloc
               |          |          |          |          kasan_set_track
               |          |          |          |          kasan_save_stack
               |          |          |          |          stack_trace_save
               |          |          |          |          arch_stack_walk
               |          |          |          |          unwind_next_frame
               |          |          |          |          orc_find.part.0
               |          |          |          |          
               |          |          |           --1.90%--mas_store_prealloc
               |          |          |                     mas_destroy
               |          |          |                     kmem_cache_free_bulk.part.0
               |          |          |                     __kasan_slab_free
               |          |          |                     kasan_save_free_info
               |          |          |                     kasan_set_track
               |          |          |                     kasan_save_stack
               |          |          |                     stack_trace_save
               |          |          |                     arch_stack_walk
               |          |          |                     unwind_next_frame
               |          |          |          
               |          |           --2.04%--perf_event_mmap
               |          |                     perf_iterate_sb
               |          |                     perf_iterate_ctx
               |          |                     perf_event_mmap_output
               |          |                     perf_output_copy
               |          |                     __output_copy
               |          |                     __memcpy
               |          |          
               |           --6.39%--__GI___mmap64 (inlined)
               |                     __GI___mmap64 (inlined)
               |                     entry_SYSCALL_64_after_hwframe
               |                     do_syscall_64
               |                     vm_mmap_pgoff
               |                     |          
               |                     |--4.42%--do_mmap
               |                     |          |          
               |                     |          |--2.22%--mmap_region
               |                     |          |          vma_expand
               |                     |          |          mas_store_prealloc
               |                     |          |          mas_destroy
               |                     |          |          kmem_cache_free
               |                     |          |          __kasan_slab_free
               |                     |          |          kasan_save_free_info
               |                     |          |          kasan_set_track
               |                     |          |          kasan_save_stack
               |                     |          |          stack_trace_save
               |                     |          |          arch_stack_walk
               |                     |          |          unwind_next_frame
               |                     |          |          
               |                     |           --2.20%--get_unmapped_area
               |                     |                     arch_get_unmapped_area_topdown
               |                     |                     vm_unmapped_area
               |                     |                     mas_empty_area_rev
               |                     |          
               |                      --1.97%--down_write_killable
               |                                rwsem_down_write_slowpath
               |                                kasan_check_range
               |          
               |--3.74%--__pthread_clockjoin_ex
               |          __GI___nptl_deallocate_stack
               |          queue_stack (inlined)
               |          __nptl_free_stacks
               |          |          
               |           --1.87%--__GI_munmap (inlined)
               |                     entry_SYSCALL_64_after_hwframe
               |                     do_syscall_64
               |                     __x64_sys_munmap
               |                     __vm_munmap
               |                     do_mas_munmap
               |                     do_mas_align_munmap
               |                     mas_preallocate
               |                     mas_alloc_nodes
               |                     kmem_cache_alloc
               |                     __kasan_slab_alloc
               |                     kasan_set_track
               |                     kasan_save_stack
               |                     stack_trace_save
               |                     arch_stack_walk
               |                     unwind_next_frame
               |          
                --2.36%--__GI__IO_puts (inlined)
                          _IO_new_file_xsputn (inlined)
                          _IO_new_file_xsputn (inlined)
                          _IO_new_file_overflow (inlined)
                          __GI__IO_doallocbuf (inlined)
                          __GI__IO_doallocbuf (inlined)
                          __GI__IO_file_doallocate (inlined)
                          __GI___libc_malloc (inlined)
                          tcache_init (inlined)
                          tcache_init (inlined)
                          _int_malloc
                          sysmalloc
                          __glibc_morecore (inlined)
                          __GI___sbrk (inlined)
                          __brk
                          entry_SYSCALL_64_after_hwframe
                          do_syscall_64
                          __do_sys_brk
                          userfaultfd_unmap_complete

    16.93%     0.00%  rw_us    [kernel.vmlinux]      [k] mmap_region
            |
            ---mmap_region
               |          
               |--6.20%--do_mas_munmap
               |          do_mas_align_munmap
               |          |          
               |          |--4.04%--__split_vma
               |          |          __vma_adjust
               |          |          mas_store_prealloc
               |          |          mas_destroy
               |          |          kmem_cache_free_bulk.part.0
               |          |          __kasan_slab_free
               |          |          kasan_save_free_info
               |          |          kasan_set_track
               |          |          kasan_save_stack
               |          |          stack_trace_save
               |          |          arch_stack_walk
               |          |          unwind_next_frame
               |          |          |          
               |          |           --2.06%--orc_find.part.0
               |          |          
               |           --2.16%--mas_store_prealloc
               |                     mas_destroy
               |                     kmem_cache_free_bulk.part.0
               |                     __kasan_slab_free
               |                     kasan_save_free_info
               |                     kasan_set_track
               |                     kasan_save_stack
               |                     stack_trace_save
               |                     arch_stack_walk
               |                     unwind_next_frame
               |          
               |--3.88%--mas_store_prealloc
               |          mas_destroy
               |          |          
               |          |--2.25%--kmem_cache_free_bulk.part.0
               |          |          __kasan_slab_free
               |          |          kasan_save_free_info
               |          |          kasan_set_track
               |          |          kasan_save_stack
               |          |          stack_trace_save
               |          |          arch_stack_walk
               |          |          unwind_next_frame
               |          |          __orc_find
               |          |          
               |           --1.63%--kmem_cache_free
               |                     __kasan_slab_free
               |                     kasan_save_free_info
               |                     kasan_set_track
               |                     kasan_save_stack
               |                     stack_trace_save
               |                     arch_stack_walk
               |                     unwind_get_return_address
               |          
               |--3.19%--mas_preallocate
               |          mas_alloc_nodes
               |          |          
               |          |--1.94%--kmem_cache_alloc
               |          |          __kasan_slab_alloc
               |          |          kasan_set_track
               |          |          kasan_save_stack
               |          |          stack_trace_save
               |          |          arch_stack_walk
               |          |          
               |           --1.25%--kmem_cache_alloc_bulk
               |          
               |--2.22%--vma_expand
               |          mas_store_prealloc
               |          mas_destroy
               |          kmem_cache_free
               |          __kasan_slab_free
               |          kasan_save_free_info
               |          kasan_set_track
               |          kasan_save_stack
               |          stack_trace_save
               |          arch_stack_walk
               |          unwind_next_frame
               |          
                --1.44%--perf_event_mmap
                          kmalloc_trace
                          __kmem_cache_alloc_node
                          ___slab_alloc

    15.13%     0.00%  rw_us    [kernel.vmlinux]      [k] mas_store_prealloc
            |
            ---mas_store_prealloc
               mas_destroy
               |          
               |--10.36%--kmem_cache_free_bulk.part.0
               |          __kasan_slab_free
               |          kasan_save_free_info
               |          kasan_set_track
               |          kasan_save_stack
               |          stack_trace_save
               |          arch_stack_walk
               |          unwind_next_frame
               |          |          
               |          |--2.25%--__orc_find
               |          |          
               |           --2.06%--orc_find.part.0
               |          
                --4.78%--kmem_cache_free
                          __kasan_slab_free
                          kasan_save_free_info
                          kasan_set_track
                          kasan_save_stack
                          stack_trace_save
                          arch_stack_walk
                          |          
                          |--3.15%--unwind_next_frame
                          |          
                           --1.63%--unwind_get_return_address

    15.13%     0.00%  rw_us    [kernel.vmlinux]      [k] mas_destroy
            |
            ---mas_destroy
               |          
               |--10.36%--kmem_cache_free_bulk.part.0
               |          __kasan_slab_free
               |          kasan_save_free_info
               |          kasan_set_track
               |          kasan_save_stack
               |          stack_trace_save
               |          arch_stack_walk
               |          unwind_next_frame
               |          |          
               |          |--2.25%--__orc_find
               |          |          
               |           --2.06%--orc_find.part.0
               |          
                --4.78%--kmem_cache_free
                          __kasan_slab_free
                          kasan_save_free_info
                          kasan_set_track
                          kasan_save_stack
                          stack_trace_save
                          arch_stack_walk
                          |          
                          |--3.15%--unwind_next_frame
                          |          
                           --1.63%--unwind_get_return_address

    14.51%     0.00%  rw_us    ld-linux-x86-64.so.2  [.] _start
            |
            ---_start
               |          
               |--12.71%--_dl_start
               |          _dl_start_final (inlined)
               |          _dl_sysdep_start
               |          dl_main
               |          |          
               |          |--8.14%--_dl_map_object_deps
               |          |          _dl_catch_exception
               |          |          openaux
               |          |          _dl_map_object
               |          |          |          
               |          |          |--6.20%--_dl_map_object_from_fd
               |          |          |          _dl_map_segments (inlined)
               |          |          |          __mmap64 (inlined)
               |          |          |          __mmap64 (inlined)
               |          |          |          entry_SYSCALL_64_after_hwframe
               |          |          |          do_syscall_64
               |          |          |          ksys_mmap_pgoff
               |          |          |          vm_mmap_pgoff
               |          |          |          do_mmap
               |          |          |          mmap_region
               |          |          |          do_mas_munmap
               |          |          |          do_mas_align_munmap
               |          |          |          |          
               |          |          |          |--4.04%--__split_vma
               |          |          |          |          __vma_adjust
               |          |          |          |          mas_store_prealloc
               |          |          |          |          mas_destroy
               |          |          |          |          kmem_cache_free_bulk.part.0
               |          |          |          |          __kasan_slab_free
               |          |          |          |          kasan_save_free_info
               |          |          |          |          kasan_set_track
               |          |          |          |          kasan_save_stack
               |          |          |          |          stack_trace_save
               |          |          |          |          arch_stack_walk
               |          |          |          |          unwind_next_frame
               |          |          |          |          |          
               |          |          |          |           --2.06%--orc_find.part.0
               |          |          |          |          
               |          |          |           --2.16%--mas_store_prealloc
               |          |          |                     mas_destroy
               |          |          |                     kmem_cache_free_bulk.part.0
               |          |          |                     __kasan_slab_free
               |          |          |                     kasan_save_free_info
               |          |          |                     kasan_set_track
               |          |          |                     kasan_save_stack
               |          |          |                     stack_trace_save
               |          |          |                     arch_stack_walk
               |          |          |                     unwind_next_frame
               |          |          |          
               |          |           --1.94%--_dl_load_cache_lookup
               |          |                     _dl_sysdep_read_whole_file
               |          |                     __mmap64 (inlined)
               |          |                     __mmap64 (inlined)
               |          |                     entry_SYSCALL_64_after_hwframe
               |          |                     do_syscall_64
               |          |                     ksys_mmap_pgoff
               |          |                     vm_mmap_pgoff
               |          |                     do_mmap
               |          |                     mmap_region
               |          |                     mas_preallocate
               |          |                     mas_alloc_nodes
               |          |                     kmem_cache_alloc
               |          |                     __kasan_slab_alloc
               |          |                     kasan_set_track
               |          |                     kasan_save_stack
               |          |                     stack_trace_save
               |          |                     arch_stack_walk
               |          |          
               |          |--2.33%--_dl_relocate_object
               |          |          elf_dynamic_do_Rela (inlined)
               |          |          elf_machine_rela (inlined)
               |          |          resolve_map (inlined)
               |          |          _dl_lookup_symbol_x
               |          |          do_lookup_x
               |          |          check_match
               |          |          strcmp
               |          |          
               |           --2.25%--init_tls
               |                     _dl_allocate_tls_storage
               |                     malloc (inlined)
               |                     __minimal_malloc
               |                     __mmap64 (inlined)
               |                     __mmap64 (inlined)
               |                     entry_SYSCALL_64_after_hwframe
               |                     do_syscall_64
               |                     vm_mmap_pgoff
               |                     do_mmap
               |                     mmap_region
               |                     mas_store_prealloc
               |                     mas_destroy
               |                     kmem_cache_free_bulk.part.0
               |                     __kasan_slab_free
               |                     kasan_save_free_info
               |                     kasan_set_track
               |                     kasan_save_stack
               |                     stack_trace_save
               |                     arch_stack_walk
               |                     unwind_next_frame
               |                     __orc_find
               |          
                --1.80%--entry_SYSCALL_64_after_hwframe
                          do_syscall_64
                          syscall_exit_to_user_mode
                          exit_to_user_mode_prepare
                          task_work_run
                          __fput
                          __dentry_kill
                          evict
                          destroy_inode
                          __destroy_inode
                          fsnotify_destroy_marks
                          fsnotify_grab_connector
                          __srcu_read_lock

    12.83%     0.00%  rw_us    libc.so.6             [.] __pthread_create_2_1 (inlined)
            |
            ---__pthread_create_2_1 (inlined)
               allocate_stack (inlined)
               |          
               |--6.44%--setup_stack_prot (inlined)
               |          __GI_mprotect (inlined)
               |          entry_SYSCALL_64_after_hwframe
               |          do_syscall_64
               |          __x64_sys_mprotect
               |          do_mprotect_pkey
               |          mprotect_fixup
               |          |          
               |          |--4.40%--__split_vma
               |          |          __vma_adjust
               |          |          |          
               |          |          |--2.49%--mas_preallocate
               |          |          |          mas_alloc_nodes
               |          |          |          kmem_cache_alloc_bulk
               |          |          |          __kasan_slab_alloc
               |          |          |          kasan_set_track
               |          |          |          kasan_save_stack
               |          |          |          stack_trace_save
               |          |          |          arch_stack_walk
               |          |          |          unwind_next_frame
               |          |          |          orc_find.part.0
               |          |          |          
               |          |           --1.90%--mas_store_prealloc
               |          |                     mas_destroy
               |          |                     kmem_cache_free_bulk.part.0
               |          |                     __kasan_slab_free
               |          |                     kasan_save_free_info
               |          |                     kasan_set_track
               |          |                     kasan_save_stack
               |          |                     stack_trace_save
               |          |                     arch_stack_walk
               |          |                     unwind_next_frame
               |          |          
               |           --2.04%--perf_event_mmap
               |                     perf_iterate_sb
               |                     perf_iterate_ctx
               |                     perf_event_mmap_output
               |                     perf_output_copy
               |                     __output_copy
               |                     __memcpy
               |          
                --6.39%--__GI___mmap64 (inlined)
                          __GI___mmap64 (inlined)
                          entry_SYSCALL_64_after_hwframe
                          do_syscall_64
                          vm_mmap_pgoff
                          |          
                          |--4.42%--do_mmap
                          |          |          
                          |          |--2.22%--mmap_region
                          |          |          vma_expand
                          |          |          mas_store_prealloc
                          |          |          mas_destroy
                          |          |          kmem_cache_free
                          |          |          __kasan_slab_free
                          |          |          kasan_save_free_info
                          |          |          kasan_set_track
                          |          |          kasan_save_stack
                          |          |          stack_trace_save
                          |          |          arch_stack_walk
                          |          |          unwind_next_frame
                          |          |          
                          |           --2.20%--get_unmapped_area
                          |                     arch_get_unmapped_area_topdown
                          |                     vm_unmapped_area
                          |                     mas_empty_area_rev
                          |          
                           --1.97%--down_write_killable
                                     rwsem_down_write_slowpath
                                     kasan_check_range

    12.83%     0.00%  rw_us    libc.so.6             [.] allocate_stack (inlined)
            |
            ---allocate_stack (inlined)
               |          
               |--6.44%--setup_stack_prot (inlined)
               |          __GI_mprotect (inlined)
               |          entry_SYSCALL_64_after_hwframe
               |          do_syscall_64
               |          __x64_sys_mprotect
               |          do_mprotect_pkey
               |          mprotect_fixup
               |          |          
               |          |--4.40%--__split_vma
               |          |          __vma_adjust
               |          |          |          
               |          |          |--2.49%--mas_preallocate
               |          |          |          mas_alloc_nodes
               |          |          |          kmem_cache_alloc_bulk
               |          |          |          __kasan_slab_alloc
               |          |          |          kasan_set_track
               |          |          |          kasan_save_stack
               |          |          |          stack_trace_save
               |          |          |          arch_stack_walk
               |          |          |          unwind_next_frame
               |          |          |          orc_find.part.0
               |          |          |          
               |          |           --1.90%--mas_store_prealloc
               |          |                     mas_destroy
               |          |                     kmem_cache_free_bulk.part.0
               |          |                     __kasan_slab_free
               |          |                     kasan_save_free_info
               |          |                     kasan_set_track
               |          |                     kasan_save_stack
               |          |                     stack_trace_save
               |          |                     arch_stack_walk
               |          |                     unwind_next_frame
               |          |          
               |           --2.04%--perf_event_mmap
               |                     perf_iterate_sb
               |                     perf_iterate_ctx
               |                     perf_event_mmap_output
               |                     perf_output_copy
               |                     __output_copy
               |                     __memcpy
               |          
                --6.39%--__GI___mmap64 (inlined)
                          __GI___mmap64 (inlined)
                          entry_SYSCALL_64_after_hwframe
                          do_syscall_64
                          vm_mmap_pgoff
                          |          
                          |--4.42%--do_mmap
                          |          |          
                          |          |--2.22%--mmap_region
                          |          |          vma_expand
                          |          |          mas_store_prealloc
                          |          |          mas_destroy
                          |          |          kmem_cache_free
                          |          |          __kasan_slab_free
                          |          |          kasan_save_free_info
                          |          |          kasan_set_track
                          |          |          kasan_save_stack
                          |          |          stack_trace_save
                          |          |          arch_stack_walk
                          |          |          unwind_next_frame
                          |          |          
                          |           --2.20%--get_unmapped_area
                          |                     arch_get_unmapped_area_topdown
                          |                     vm_unmapped_area
                          |                     mas_empty_area_rev
                          |          
                           --1.97%--down_write_killable
                                     rwsem_down_write_slowpath
                                     kasan_check_range

    12.71%     0.00%  rw_us    ld-linux-x86-64.so.2  [.] _dl_start
            |
            ---_dl_start
               _dl_start_final (inlined)
               _dl_sysdep_start
               dl_main
               |          
               |--8.14%--_dl_map_object_deps
               |          _dl_catch_exception
               |          openaux
               |          _dl_map_object
               |          |          
               |          |--6.20%--_dl_map_object_from_fd
               |          |          _dl_map_segments (inlined)
               |          |          __mmap64 (inlined)
               |          |          __mmap64 (inlined)
               |          |          entry_SYSCALL_64_after_hwframe
               |          |          do_syscall_64
               |          |          ksys_mmap_pgoff
               |          |          vm_mmap_pgoff
               |          |          do_mmap
               |          |          mmap_region
               |          |          do_mas_munmap
               |          |          do_mas_align_munmap
               |          |          |          
               |          |          |--4.04%--__split_vma
               |          |          |          __vma_adjust
               |          |          |          mas_store_prealloc
               |          |          |          mas_destroy
               |          |          |          kmem_cache_free_bulk.part.0
               |          |          |          __kasan_slab_free
               |          |          |          kasan_save_free_info
               |          |          |          kasan_set_track
               |          |          |          kasan_save_stack
               |          |          |          stack_trace_save
               |          |          |          arch_stack_walk
               |          |          |          unwind_next_frame
               |          |          |          |          
               |          |          |           --2.06%--orc_find.part.0
               |          |          |          
               |          |           --2.16%--mas_store_prealloc
               |          |                     mas_destroy
               |          |                     kmem_cache_free_bulk.part.0
               |          |                     __kasan_slab_free
               |          |                     kasan_save_free_info
               |          |                     kasan_set_track
               |          |                     kasan_save_stack
               |          |                     stack_trace_save
               |          |                     arch_stack_walk
               |          |                     unwind_next_frame
               |          |          
               |           --1.94%--_dl_load_cache_lookup
               |                     _dl_sysdep_read_whole_file
               |                     __mmap64 (inlined)
               |                     __mmap64 (inlined)
               |                     entry_SYSCALL_64_after_hwframe
               |                     do_syscall_64
               |                     ksys_mmap_pgoff
               |                     vm_mmap_pgoff
               |                     do_mmap
               |                     mmap_region
               |                     mas_preallocate
               |                     mas_alloc_nodes
               |                     kmem_cache_alloc
               |                     __kasan_slab_alloc
               |                     kasan_set_track
               |                     kasan_save_stack
               |                     stack_trace_save
               |                     arch_stack_walk
               |          
               |--2.33%--_dl_relocate_object
               |          elf_dynamic_do_Rela (inlined)
               |          elf_machine_rela (inlined)
               |          resolve_map (inlined)
               |          _dl_lookup_symbol_x
               |          do_lookup_x
               |          check_match
               |          strcmp
               |          
                --2.25%--init_tls
                          _dl_allocate_tls_storage
                          malloc (inlined)
                          __minimal_malloc
                          __mmap64 (inlined)
                          __mmap64 (inlined)
                          entry_SYSCALL_64_after_hwframe
                          do_syscall_64
                          vm_mmap_pgoff
                          do_mmap
                          mmap_region
                          mas_store_prealloc
                          mas_destroy
                          kmem_cache_free_bulk.part.0
                          __kasan_slab_free
                          kasan_save_free_info
                          kasan_set_track
                          kasan_save_stack
                          stack_trace_save
                          arch_stack_walk
                          unwind_next_frame
                          __orc_find

    12.71%     0.00%  rw_us    ld-linux-x86-64.so.2  [.] _dl_start_final (inlined)
            |
            ---_dl_start_final (inlined)
               _dl_sysdep_start
               dl_main
               |          
               |--8.14%--_dl_map_object_deps
               |          _dl_catch_exception
               |          openaux
               |          _dl_map_object
               |          |          
               |          |--6.20%--_dl_map_object_from_fd
               |          |          _dl_map_segments (inlined)
               |          |          __mmap64 (inlined)
               |          |          __mmap64 (inlined)
               |          |          entry_SYSCALL_64_after_hwframe
               |          |          do_syscall_64
               |          |          ksys_mmap_pgoff
               |          |          vm_mmap_pgoff
               |          |          do_mmap
               |          |          mmap_region
               |          |          do_mas_munmap
               |          |          do_mas_align_munmap
               |          |          |          
               |          |          |--4.04%--__split_vma
               |          |          |          __vma_adjust
               |          |          |          mas_store_prealloc
               |          |          |          mas_destroy
               |          |          |          kmem_cache_free_bulk.part.0
               |          |          |          __kasan_slab_free
               |          |          |          kasan_save_free_info
               |          |          |          kasan_set_track
               |          |          |          kasan_save_stack
               |          |          |          stack_trace_save
               |          |          |          arch_stack_walk
               |          |          |          unwind_next_frame
               |          |          |          |          
               |          |          |           --2.06%--orc_find.part.0
               |          |          |          
               |          |           --2.16%--mas_store_prealloc
               |          |                     mas_destroy
               |          |                     kmem_cache_free_bulk.part.0
               |          |                     __kasan_slab_free
               |          |                     kasan_save_free_info
               |          |                     kasan_set_track
               |          |                     kasan_save_stack
               |          |                     stack_trace_save
               |          |                     arch_stack_walk
               |          |                     unwind_next_frame
               |          |          
               |           --1.94%--_dl_load_cache_lookup
               |                     _dl_sysdep_read_whole_file
               |                     __mmap64 (inlined)
               |                     __mmap64 (inlined)
               |                     entry_SYSCALL_64_after_hwframe
               |                     do_syscall_64
               |                     ksys_mmap_pgoff
               |                     vm_mmap_pgoff
               |                     do_mmap
               |                     mmap_region
               |                     mas_preallocate
               |                     mas_alloc_nodes
               |                     kmem_cache_alloc
               |                     __kasan_slab_alloc
               |                     kasan_set_track
               |                     kasan_save_stack
               |                     stack_trace_save
               |                     arch_stack_walk
               |          
               |--2.33%--_dl_relocate_object
               |          elf_dynamic_do_Rela (inlined)
               |          elf_machine_rela (inlined)
               |          resolve_map (inlined)
               |          _dl_lookup_symbol_x
               |          do_lookup_x
               |          check_match
               |          strcmp
               |          
                --2.25%--init_tls
                          _dl_allocate_tls_storage
                          malloc (inlined)
                          __minimal_malloc
                          __mmap64 (inlined)
                          __mmap64 (inlined)
                          entry_SYSCALL_64_after_hwframe
                          do_syscall_64
                          vm_mmap_pgoff
                          do_mmap
                          mmap_region
                          mas_store_prealloc
                          mas_destroy
                          kmem_cache_free_bulk.part.0
                          __kasan_slab_free
                          kasan_save_free_info
                          kasan_set_track
                          kasan_save_stack
                          stack_trace_save
                          arch_stack_walk
                          unwind_next_frame
                          __orc_find

    12.71%     0.00%  rw_us    ld-linux-x86-64.so.2  [.] _dl_sysdep_start
            |
            ---_dl_sysdep_start
               dl_main
               |          
               |--8.14%--_dl_map_object_deps
               |          _dl_catch_exception
               |          openaux
               |          _dl_map_object
               |          |          
               |          |--6.20%--_dl_map_object_from_fd
               |          |          _dl_map_segments (inlined)
               |          |          __mmap64 (inlined)
               |          |          __mmap64 (inlined)
               |          |          entry_SYSCALL_64_after_hwframe
               |          |          do_syscall_64
               |          |          ksys_mmap_pgoff
               |          |          vm_mmap_pgoff
               |          |          do_mmap
               |          |          mmap_region
               |          |          do_mas_munmap
               |          |          do_mas_align_munmap
               |          |          |          
               |          |          |--4.04%--__split_vma
               |          |          |          __vma_adjust
               |          |          |          mas_store_prealloc
               |          |          |          mas_destroy
               |          |          |          kmem_cache_free_bulk.part.0
               |          |          |          __kasan_slab_free
               |          |          |          kasan_save_free_info
               |          |          |          kasan_set_track
               |          |          |          kasan_save_stack
               |          |          |          stack_trace_save
               |          |          |          arch_stack_walk
               |          |          |          unwind_next_frame
               |          |          |          |          
               |          |          |           --2.06%--orc_find.part.0
               |          |          |          
               |          |           --2.16%--mas_store_prealloc
               |          |                     mas_destroy
               |          |                     kmem_cache_free_bulk.part.0
               |          |                     __kasan_slab_free
               |          |                     kasan_save_free_info
               |          |                     kasan_set_track
               |          |                     kasan_save_stack
               |          |                     stack_trace_save
               |          |                     arch_stack_walk
               |          |                     unwind_next_frame
               |          |          
               |           --1.94%--_dl_load_cache_lookup
               |                     _dl_sysdep_read_whole_file
               |                     __mmap64 (inlined)
               |                     __mmap64 (inlined)
               |                     entry_SYSCALL_64_after_hwframe
               |                     do_syscall_64
               |                     ksys_mmap_pgoff
               |                     vm_mmap_pgoff
               |                     do_mmap
               |                     mmap_region
               |                     mas_preallocate
               |                     mas_alloc_nodes
               |                     kmem_cache_alloc
               |                     __kasan_slab_alloc
               |                     kasan_set_track
               |                     kasan_save_stack
               |                     stack_trace_save
               |                     arch_stack_walk
               |          
               |--2.33%--_dl_relocate_object
               |          elf_dynamic_do_Rela (inlined)
               |          elf_machine_rela (inlined)
               |          resolve_map (inlined)
               |          _dl_lookup_symbol_x
               |          do_lookup_x
               |          check_match
               |          strcmp
               |          
                --2.25%--init_tls
                          _dl_allocate_tls_storage
                          malloc (inlined)
                          __minimal_malloc
                          __mmap64 (inlined)
                          __mmap64 (inlined)
                          entry_SYSCALL_64_after_hwframe
                          do_syscall_64
                          vm_mmap_pgoff
                          do_mmap
                          mmap_region
                          mas_store_prealloc
                          mas_destroy
                          kmem_cache_free_bulk.part.0
                          __kasan_slab_free
                          kasan_save_free_info
                          kasan_set_track
                          kasan_save_stack
                          stack_trace_save
                          arch_stack_walk
                          unwind_next_frame
                          __orc_find

    12.71%     0.00%  rw_us    ld-linux-x86-64.so.2  [.] dl_main
            |
            ---dl_main
               |          
               |--8.14%--_dl_map_object_deps
               |          _dl_catch_exception
               |          openaux
               |          _dl_map_object
               |          |          
               |          |--6.20%--_dl_map_object_from_fd
               |          |          _dl_map_segments (inlined)
               |          |          __mmap64 (inlined)
               |          |          __mmap64 (inlined)
               |          |          entry_SYSCALL_64_after_hwframe
               |          |          do_syscall_64
               |          |          ksys_mmap_pgoff
               |          |          vm_mmap_pgoff
               |          |          do_mmap
               |          |          mmap_region
               |          |          do_mas_munmap
               |          |          do_mas_align_munmap
               |          |          |          
               |          |          |--4.04%--__split_vma
               |          |          |          __vma_adjust
               |          |          |          mas_store_prealloc
               |          |          |          mas_destroy
               |          |          |          kmem_cache_free_bulk.part.0
               |          |          |          __kasan_slab_free
               |          |          |          kasan_save_free_info
               |          |          |          kasan_set_track
               |          |          |          kasan_save_stack
               |          |          |          stack_trace_save
               |          |          |          arch_stack_walk
               |          |          |          unwind_next_frame
               |          |          |          |          
               |          |          |           --2.06%--orc_find.part.0
               |          |          |          
               |          |           --2.16%--mas_store_prealloc
               |          |                     mas_destroy
               |          |                     kmem_cache_free_bulk.part.0
               |          |                     __kasan_slab_free
               |          |                     kasan_save_free_info
               |          |                     kasan_set_track
               |          |                     kasan_save_stack
               |          |                     stack_trace_save
               |          |                     arch_stack_walk
               |          |                     unwind_next_frame
               |          |          
               |           --1.94%--_dl_load_cache_lookup
               |                     _dl_sysdep_read_whole_file
               |                     __mmap64 (inlined)
               |                     __mmap64 (inlined)
               |                     entry_SYSCALL_64_after_hwframe
               |                     do_syscall_64
               |                     ksys_mmap_pgoff
               |                     vm_mmap_pgoff
               |                     do_mmap
               |                     mmap_region
               |                     mas_preallocate
               |                     mas_alloc_nodes
               |                     kmem_cache_alloc
               |                     __kasan_slab_alloc
               |                     kasan_set_track
               |                     kasan_save_stack
               |                     stack_trace_save
               |                     arch_stack_walk
               |          
               |--2.33%--_dl_relocate_object
               |          elf_dynamic_do_Rela (inlined)
               |          elf_machine_rela (inlined)
               |          resolve_map (inlined)
               |          _dl_lookup_symbol_x
               |          do_lookup_x
               |          check_match
               |          strcmp
               |          
                --2.25%--init_tls
                          _dl_allocate_tls_storage
                          malloc (inlined)
                          __minimal_malloc
                          __mmap64 (inlined)
                          __mmap64 (inlined)
                          entry_SYSCALL_64_after_hwframe
                          do_syscall_64
                          vm_mmap_pgoff
                          do_mmap
                          mmap_region
                          mas_store_prealloc
                          mas_destroy
                          kmem_cache_free_bulk.part.0
                          __kasan_slab_free
                          kasan_save_free_info
                          kasan_set_track
                          kasan_save_stack
                          stack_trace_save
                          arch_stack_walk
                          unwind_next_frame
                          __orc_find

    12.25%     0.00%  rw_us    [kernel.vmlinux]      [k] kmem_cache_free_bulk.part.0
            |
            ---kmem_cache_free_bulk.part.0
               __kasan_slab_free
               kasan_save_free_info
               kasan_set_track
               kasan_save_stack
               |          
                --10.36%--stack_trace_save
                          arch_stack_walk
                          unwind_next_frame
                          |          
                          |--2.25%--__orc_find
                          |          
                           --2.06%--orc_find.part.0

    10.39%     0.00%  rw_us    ld-linux-x86-64.so.2  [.] __mmap64 (inlined)
            |
            ---__mmap64 (inlined)
               __mmap64 (inlined)
               entry_SYSCALL_64_after_hwframe
               do_syscall_64
               |          
               |--8.14%--ksys_mmap_pgoff
               |          vm_mmap_pgoff
               |          do_mmap
               |          mmap_region
               |          |          
               |          |--6.20%--do_mas_munmap
               |          |          do_mas_align_munmap
               |          |          |          
               |          |          |--4.04%--__split_vma
               |          |          |          __vma_adjust
               |          |          |          mas_store_prealloc
               |          |          |          mas_destroy
               |          |          |          kmem_cache_free_bulk.part.0
               |          |          |          __kasan_slab_free
               |          |          |          kasan_save_free_info
               |          |          |          kasan_set_track
               |          |          |          kasan_save_stack
               |          |          |          stack_trace_save
               |          |          |          arch_stack_walk
               |          |          |          unwind_next_frame
               |          |          |          |          
               |          |          |           --2.06%--orc_find.part.0
               |          |          |          
               |          |           --2.16%--mas_store_prealloc
               |          |                     mas_destroy
               |          |                     kmem_cache_free_bulk.part.0
               |          |                     __kasan_slab_free
               |          |                     kasan_save_free_info
               |          |                     kasan_set_track
               |          |                     kasan_save_stack
               |          |                     stack_trace_save
               |          |                     arch_stack_walk
               |          |                     unwind_next_frame
               |          |          
               |           --1.94%--mas_preallocate
               |                     mas_alloc_nodes
               |                     kmem_cache_alloc
               |                     __kasan_slab_alloc
               |                     kasan_set_track
               |                     kasan_save_stack
               |                     stack_trace_save
               |                     arch_stack_walk
               |          
                --2.25%--vm_mmap_pgoff
                          do_mmap
                          mmap_region
                          mas_store_prealloc
                          mas_destroy
                          kmem_cache_free_bulk.part.0
                          __kasan_slab_free
                          kasan_save_free_info
                          kasan_set_track
                          kasan_save_stack
                          stack_trace_save
                          arch_stack_walk
                          unwind_next_frame
                          __orc_find

     9.55%     0.00%  rw_us    [kernel.vmlinux]      [k] __split_vma
            |
            ---__split_vma
               |          
               |--8.43%--__vma_adjust
               |          |          
               |          |--5.94%--mas_store_prealloc
               |          |          mas_destroy
               |          |          kmem_cache_free_bulk.part.0
               |          |          __kasan_slab_free
               |          |          kasan_save_free_info
               |          |          kasan_set_track
               |          |          kasan_save_stack
               |          |          stack_trace_save
               |          |          arch_stack_walk
               |          |          unwind_next_frame
               |          |          |          
               |          |           --2.06%--orc_find.part.0
               |          |          
               |           --2.49%--mas_preallocate
               |                     mas_alloc_nodes
               |                     kmem_cache_alloc_bulk
               |                     __kasan_slab_alloc
               |                     kasan_set_track
               |                     kasan_save_stack
               |                     stack_trace_save
               |                     arch_stack_walk
               |                     unwind_next_frame
               |                     orc_find.part.0
               |          
                --1.12%--vm_area_dup
                          kmem_cache_alloc
                          ___slab_alloc

     9.33%     0.00%  rw_us    [kernel.vmlinux]      [k] __do_sys_clone3
            |
            ---__do_sys_clone3
               kernel_clone
               copy_process
               |          
               |--6.92%--perf_event_init_task
               |          inherit_task_group.isra.0
               |          inherit_event.constprop.0
               |          perf_event_alloc
               |          |          
               |          |--4.93%--perf_try_init_event
               |          |          x86_pmu_event_init
               |          |          |          
               |          |          |--2.48%--allocate_fake_cpuc
               |          |          |          __kasan_kmalloc
               |          |          |          kasan_set_track
               |          |          |          kasan_save_stack
               |          |          |          stack_trace_save
               |          |          |          arch_stack_walk
               |          |          |          unwind_next_frame
               |          |          |          __orc_find
               |          |          |          
               |          |           --2.44%--__kmem_cache_free
               |          |                     __kasan_slab_free
               |          |                     kasan_save_free_info
               |          |                     kasan_set_track
               |          |                     kasan_save_stack
               |          |                     stack_trace_save
               |          |                     arch_stack_walk
               |          |                     unwind_next_frame
               |          |          
               |           --2.00%--kmem_cache_alloc_node
               |                     __kasan_slab_alloc
               |                     kasan_set_track
               |                     kasan_save_stack
               |                     stack_trace_save
               |                     arch_stack_walk
               |                     unwind_next_frame
               |                     orc_find.part.0
               |          
                --2.41%--sched_cgroup_fork
                          _raw_spin_unlock

     9.33%     0.00%  rw_us    [kernel.vmlinux]      [k] kernel_clone
            |
            ---kernel_clone
               copy_process
               |          
               |--6.92%--perf_event_init_task
               |          inherit_task_group.isra.0
               |          inherit_event.constprop.0
               |          perf_event_alloc
               |          |          
               |          |--4.93%--perf_try_init_event
               |          |          x86_pmu_event_init
               |          |          |          
               |          |          |--2.48%--allocate_fake_cpuc
               |          |          |          __kasan_kmalloc
               |          |          |          kasan_set_track
               |          |          |          kasan_save_stack
               |          |          |          stack_trace_save
               |          |          |          arch_stack_walk
               |          |          |          unwind_next_frame
               |          |          |          __orc_find
               |          |          |          
               |          |           --2.44%--__kmem_cache_free
               |          |                     __kasan_slab_free
               |          |                     kasan_save_free_info
               |          |                     kasan_set_track
               |          |                     kasan_save_stack
               |          |                     stack_trace_save
               |          |                     arch_stack_walk
               |          |                     unwind_next_frame
               |          |          
               |           --2.00%--kmem_cache_alloc_node
               |                     __kasan_slab_alloc
               |                     kasan_set_track
               |                     kasan_save_stack
               |                     stack_trace_save
               |                     arch_stack_walk
               |                     unwind_next_frame
               |                     orc_find.part.0
               |          
                --2.41%--sched_cgroup_fork
                          _raw_spin_unlock

     9.33%     0.00%  rw_us    [kernel.vmlinux]      [k] copy_process
            |
            ---copy_process
               |          
               |--6.92%--perf_event_init_task
               |          inherit_task_group.isra.0
               |          inherit_event.constprop.0
               |          perf_event_alloc
               |          |          
               |          |--4.93%--perf_try_init_event
               |          |          x86_pmu_event_init
               |          |          |          
               |          |          |--2.48%--allocate_fake_cpuc
               |          |          |          __kasan_kmalloc
               |          |          |          kasan_set_track
               |          |          |          kasan_save_stack
               |          |          |          stack_trace_save
               |          |          |          arch_stack_walk
               |          |          |          unwind_next_frame
               |          |          |          __orc_find
               |          |          |          
               |          |           --2.44%--__kmem_cache_free
               |          |                     __kasan_slab_free
               |          |                     kasan_save_free_info
               |          |                     kasan_set_track
               |          |                     kasan_save_stack
               |          |                     stack_trace_save
               |          |                     arch_stack_walk
               |          |                     unwind_next_frame
               |          |          
               |           --2.00%--kmem_cache_alloc_node
               |                     __kasan_slab_alloc
               |                     kasan_set_track
               |                     kasan_save_stack
               |                     stack_trace_save
               |                     arch_stack_walk
               |                     unwind_next_frame
               |                     orc_find.part.0
               |          
                --2.41%--sched_cgroup_fork
                          _raw_spin_unlock

     9.19%     0.00%  rw_us    [kernel.vmlinux]      [k] do_mas_munmap
            |
            ---do_mas_munmap
               do_mas_align_munmap
               |          
               |--5.15%--__split_vma
               |          |          
               |          |--4.04%--__vma_adjust
               |          |          mas_store_prealloc
               |          |          mas_destroy
               |          |          kmem_cache_free_bulk.part.0
               |          |          __kasan_slab_free
               |          |          kasan_save_free_info
               |          |          kasan_set_track
               |          |          kasan_save_stack
               |          |          stack_trace_save
               |          |          arch_stack_walk
               |          |          unwind_next_frame
               |          |          |          
               |          |           --2.06%--orc_find.part.0
               |          |          
               |           --1.12%--vm_area_dup
               |                     kmem_cache_alloc
               |                     ___slab_alloc
               |          
               |--2.16%--mas_store_prealloc
               |          mas_destroy
               |          kmem_cache_free_bulk.part.0
               |          __kasan_slab_free
               |          kasan_save_free_info
               |          kasan_set_track
               |          kasan_save_stack
               |          stack_trace_save
               |          arch_stack_walk
               |          unwind_next_frame
               |          
                --1.87%--mas_preallocate
                          mas_alloc_nodes
                          kmem_cache_alloc
                          __kasan_slab_alloc
                          kasan_set_track
                          kasan_save_stack
                          stack_trace_save
                          arch_stack_walk
                          unwind_next_frame

     9.19%     0.00%  rw_us    [kernel.vmlinux]      [k] do_mas_align_munmap
            |
            ---do_mas_align_munmap
               |          
               |--5.15%--__split_vma
               |          |          
               |          |--4.04%--__vma_adjust
               |          |          mas_store_prealloc
               |          |          mas_destroy
               |          |          kmem_cache_free_bulk.part.0
               |          |          __kasan_slab_free
               |          |          kasan_save_free_info
               |          |          kasan_set_track
               |          |          kasan_save_stack
               |          |          stack_trace_save
               |          |          arch_stack_walk
               |          |          unwind_next_frame
               |          |          |          
               |          |           --2.06%--orc_find.part.0
               |          |          
               |           --1.12%--vm_area_dup
               |                     kmem_cache_alloc
               |                     ___slab_alloc
               |          
               |--2.16%--mas_store_prealloc
               |          mas_destroy
               |          kmem_cache_free_bulk.part.0
               |          __kasan_slab_free
               |          kasan_save_free_info
               |          kasan_set_track
               |          kasan_save_stack
               |          stack_trace_save
               |          arch_stack_walk
               |          unwind_next_frame
               |          
                --1.87%--mas_preallocate
                          mas_alloc_nodes
                          kmem_cache_alloc
                          __kasan_slab_alloc
                          kasan_set_track
                          kasan_save_stack
                          stack_trace_save
                          arch_stack_walk
                          unwind_next_frame

     8.93%     0.00%  rw_us    [kernel.vmlinux]      [k] __vma_adjust
            |
            ---__vma_adjust
               |          
               |--5.94%--mas_store_prealloc
               |          mas_destroy
               |          kmem_cache_free_bulk.part.0
               |          __kasan_slab_free
               |          kasan_save_free_info
               |          kasan_set_track
               |          kasan_save_stack
               |          stack_trace_save
               |          arch_stack_walk
               |          unwind_next_frame
               |          |          
               |           --2.06%--orc_find.part.0
               |          
                --2.99%--mas_preallocate
                          mas_alloc_nodes
                          |          
                           --2.92%--kmem_cache_alloc_bulk
                                     |          
                                      --2.78%--__kasan_slab_alloc
                                                kasan_set_track
                                                kasan_save_stack
                                                |          
                                                 --2.49%--stack_trace_save
                                                           arch_stack_walk
                                                           unwind_next_frame
                                                           orc_find.part.0

     8.65%     0.00%  rw_us    [kernel.vmlinux]      [k] __kasan_slab_alloc
            |
            ---__kasan_slab_alloc
               kasan_set_track
               kasan_save_stack
               |          
                --8.36%--stack_trace_save
                          arch_stack_walk
                          |          
                           --6.43%--unwind_next_frame
                                     |          
                                      --4.49%--orc_find.part.0

     8.53%     2.89%  rw_us    [kernel.vmlinux]      [k] dequeue_task_fair
            |          
            |--5.64%--dequeue_task_fair
            |          dequeue_entity
            |          |          
            |           --5.51%--update_curr
            |                     |          
            |                     |--1.48%--cpuacct_charge
            |                     |          
            |                     |--1.38%--__calc_delta
            |                     |          
            |                      --1.09%--__cgroup_account_cputime
            |                                cgroup_rstat_updated
            |          
             --2.89%--clone3
                       start_thread
                       writer_thread
                       |          
                       |--2.19%--___pthread_rwlock_wrlock (inlined)
                       |          __pthread_rwlock_wrlock_full64 (inlined)
                       |          __futex_abstimed_wait_common
                       |          entry_SYSCALL_64_after_hwframe
                       |          do_syscall_64
                       |          __x64_sys_futex
                       |          do_futex
                       |          futex_wait
                       |          futex_wait_queue
                       |          schedule
                       |          __schedule
                       |          dequeue_task_fair
                       |          
                        --0.70%--msleep
                                  usleep
                                  __GI___nanosleep (inlined)
                                  __GI___clock_nanosleep (inlined)
                                  entry_SYSCALL_64_after_hwframe
                                  do_syscall_64
                                  __x64_sys_clock_nanosleep
                                  common_nsleep
                                  hrtimer_nanosleep
                                  do_nanosleep
                                  schedule
                                  __schedule
                                  dequeue_task_fair

     8.26%     0.00%  rw_us    [kernel.vmlinux]      [k] do_futex
            |
            ---do_futex
               |          
               |--5.76%--futex_wait
               |          |          
               |           --5.30%--futex_wait_queue
               |                     |          
               |                      --5.01%--schedule
               |                                __schedule
               |                                |          
               |                                 --4.21%--dequeue_task_fair
               |                                           |          
               |                                            --2.02%--dequeue_entity
               |                                                      |          
               |                                                       --1.89%--update_curr
               |                                                                 |          
               |                                                                 |--1.38%--__calc_delta
               |                                                                 |          
               |                                                                  --0.51%--__cgroup_account_cputime
               |                                                                            cgroup_rstat_updated
               |          
                --2.50%--futex_wake
                          |          
                           --0.86%--wake_up_q
                                     try_to_wake_up
                                     _raw_spin_lock_irqsave

     8.14%     0.00%  rw_us    ld-linux-x86-64.so.2  [.] _dl_map_object_deps
            |
            ---_dl_map_object_deps
               _dl_catch_exception
               openaux
               _dl_map_object
               |          
               |--6.20%--_dl_map_object_from_fd
               |          _dl_map_segments (inlined)
               |          __mmap64 (inlined)
               |          __mmap64 (inlined)
               |          entry_SYSCALL_64_after_hwframe
               |          do_syscall_64
               |          ksys_mmap_pgoff
               |          vm_mmap_pgoff
               |          do_mmap
               |          mmap_region
               |          do_mas_munmap
               |          do_mas_align_munmap
               |          |          
               |          |--4.04%--__split_vma
               |          |          __vma_adjust
               |          |          mas_store_prealloc
               |          |          mas_destroy
               |          |          kmem_cache_free_bulk.part.0
               |          |          __kasan_slab_free
               |          |          kasan_save_free_info
               |          |          kasan_set_track
               |          |          kasan_save_stack
               |          |          stack_trace_save
               |          |          arch_stack_walk
               |          |          unwind_next_frame
               |          |          |          
               |          |           --2.06%--orc_find.part.0
               |          |          
               |           --2.16%--mas_store_prealloc
               |                     mas_destroy
               |                     kmem_cache_free_bulk.part.0
               |                     __kasan_slab_free
               |                     kasan_save_free_info
               |                     kasan_set_track
               |                     kasan_save_stack
               |                     stack_trace_save
               |                     arch_stack_walk
               |                     unwind_next_frame
               |          
                --1.94%--_dl_load_cache_lookup
                          _dl_sysdep_read_whole_file
                          __mmap64 (inlined)
                          __mmap64 (inlined)
                          entry_SYSCALL_64_after_hwframe
                          do_syscall_64
                          ksys_mmap_pgoff
                          vm_mmap_pgoff
                          do_mmap
                          mmap_region
                          mas_preallocate
                          mas_alloc_nodes
                          kmem_cache_alloc
                          __kasan_slab_alloc
                          kasan_set_track
                          kasan_save_stack
                          stack_trace_save
                          arch_stack_walk

     8.14%     0.00%  rw_us    ld-linux-x86-64.so.2  [.] _dl_catch_exception
            |
            ---_dl_catch_exception
               openaux
               _dl_map_object
               |          
               |--6.20%--_dl_map_object_from_fd
               |          _dl_map_segments (inlined)
               |          __mmap64 (inlined)
               |          __mmap64 (inlined)
               |          entry_SYSCALL_64_after_hwframe
               |          do_syscall_64
               |          ksys_mmap_pgoff
               |          vm_mmap_pgoff
               |          do_mmap
               |          mmap_region
               |          do_mas_munmap
               |          do_mas_align_munmap
               |          |          
               |          |--4.04%--__split_vma
               |          |          __vma_adjust
               |          |          mas_store_prealloc
               |          |          mas_destroy
               |          |          kmem_cache_free_bulk.part.0
               |          |          __kasan_slab_free
               |          |          kasan_save_free_info
               |          |          kasan_set_track
               |          |          kasan_save_stack
               |          |          stack_trace_save
               |          |          arch_stack_walk
               |          |          unwind_next_frame
               |          |          |          
               |          |           --2.06%--orc_find.part.0
               |          |          
               |           --2.16%--mas_store_prealloc
               |                     mas_destroy
               |                     kmem_cache_free_bulk.part.0
               |                     __kasan_slab_free
               |                     kasan_save_free_info
               |                     kasan_set_track
               |                     kasan_save_stack
               |                     stack_trace_save
               |                     arch_stack_walk
               |                     unwind_next_frame
               |          
                --1.94%--_dl_load_cache_lookup
                          _dl_sysdep_read_whole_file
                          __mmap64 (inlined)
                          __mmap64 (inlined)
                          entry_SYSCALL_64_after_hwframe
                          do_syscall_64
                          ksys_mmap_pgoff
                          vm_mmap_pgoff
                          do_mmap
                          mmap_region
                          mas_preallocate
                          mas_alloc_nodes
                          kmem_cache_alloc
                          __kasan_slab_alloc
                          kasan_set_track
                          kasan_save_stack
                          stack_trace_save
                          arch_stack_walk

     8.14%     0.00%  rw_us    ld-linux-x86-64.so.2  [.] openaux
            |
            ---openaux
               _dl_map_object
               |          
               |--6.20%--_dl_map_object_from_fd
               |          _dl_map_segments (inlined)
               |          __mmap64 (inlined)
               |          __mmap64 (inlined)
               |          entry_SYSCALL_64_after_hwframe
               |          do_syscall_64
               |          ksys_mmap_pgoff
               |          vm_mmap_pgoff
               |          do_mmap
               |          mmap_region
               |          do_mas_munmap
               |          do_mas_align_munmap
               |          |          
               |          |--4.04%--__split_vma
               |          |          __vma_adjust
               |          |          mas_store_prealloc
               |          |          mas_destroy
               |          |          kmem_cache_free_bulk.part.0
               |          |          __kasan_slab_free
               |          |          kasan_save_free_info
               |          |          kasan_set_track
               |          |          kasan_save_stack
               |          |          stack_trace_save
               |          |          arch_stack_walk
               |          |          unwind_next_frame
               |          |          |          
               |          |           --2.06%--orc_find.part.0
               |          |          
               |           --2.16%--mas_store_prealloc
               |                     mas_destroy
               |                     kmem_cache_free_bulk.part.0
               |                     __kasan_slab_free
               |                     kasan_save_free_info
               |                     kasan_set_track
               |                     kasan_save_stack
               |                     stack_trace_save
               |                     arch_stack_walk
               |                     unwind_next_frame
               |          
                --1.94%--_dl_load_cache_lookup
                          _dl_sysdep_read_whole_file
                          __mmap64 (inlined)
                          __mmap64 (inlined)
                          entry_SYSCALL_64_after_hwframe
                          do_syscall_64
                          ksys_mmap_pgoff
                          vm_mmap_pgoff
                          do_mmap
                          mmap_region
                          mas_preallocate
                          mas_alloc_nodes
                          kmem_cache_alloc
                          __kasan_slab_alloc
                          kasan_set_track
                          kasan_save_stack
                          stack_trace_save
                          arch_stack_walk

     8.14%     0.00%  rw_us    ld-linux-x86-64.so.2  [.] _dl_map_object
            |
            ---_dl_map_object
               |          
               |--6.20%--_dl_map_object_from_fd
               |          _dl_map_segments (inlined)
               |          __mmap64 (inlined)
               |          __mmap64 (inlined)
               |          entry_SYSCALL_64_after_hwframe
               |          do_syscall_64
               |          ksys_mmap_pgoff
               |          vm_mmap_pgoff
               |          do_mmap
               |          mmap_region
               |          do_mas_munmap
               |          do_mas_align_munmap
               |          |          
               |          |--4.04%--__split_vma
               |          |          __vma_adjust
               |          |          mas_store_prealloc
               |          |          mas_destroy
               |          |          kmem_cache_free_bulk.part.0
               |          |          __kasan_slab_free
               |          |          kasan_save_free_info
               |          |          kasan_set_track
               |          |          kasan_save_stack
               |          |          stack_trace_save
               |          |          arch_stack_walk
               |          |          unwind_next_frame
               |          |          |          
               |          |           --2.06%--orc_find.part.0
               |          |          
               |           --2.16%--mas_store_prealloc
               |                     mas_destroy
               |                     kmem_cache_free_bulk.part.0
               |                     __kasan_slab_free
               |                     kasan_save_free_info
               |                     kasan_set_track
               |                     kasan_save_stack
               |                     stack_trace_save
               |                     arch_stack_walk
               |                     unwind_next_frame
               |          
                --1.94%--_dl_load_cache_lookup
                          _dl_sysdep_read_whole_file
                          __mmap64 (inlined)
                          __mmap64 (inlined)
                          entry_SYSCALL_64_after_hwframe
                          do_syscall_64
                          ksys_mmap_pgoff
                          vm_mmap_pgoff
                          do_mmap
                          mmap_region
                          mas_preallocate
                          mas_alloc_nodes
                          kmem_cache_alloc
                          __kasan_slab_alloc
                          kasan_set_track
                          kasan_save_stack
                          stack_trace_save
                          arch_stack_walk

     8.14%     0.00%  rw_us    [kernel.vmlinux]      [k] ksys_mmap_pgoff
            |
            ---ksys_mmap_pgoff
               vm_mmap_pgoff
               do_mmap
               mmap_region
               |          
               |--6.20%--do_mas_munmap
               |          do_mas_align_munmap
               |          |          
               |          |--4.04%--__split_vma
               |          |          __vma_adjust
               |          |          mas_store_prealloc
               |          |          mas_destroy
               |          |          kmem_cache_free_bulk.part.0
               |          |          __kasan_slab_free
               |          |          kasan_save_free_info
               |          |          kasan_set_track
               |          |          kasan_save_stack
               |          |          stack_trace_save
               |          |          arch_stack_walk
               |          |          unwind_next_frame
               |          |          |          
               |          |           --2.06%--orc_find.part.0
               |          |          
               |           --2.16%--mas_store_prealloc
               |                     mas_destroy
               |                     kmem_cache_free_bulk.part.0
               |                     __kasan_slab_free
               |                     kasan_save_free_info
               |                     kasan_set_track
               |                     kasan_save_stack
               |                     stack_trace_save
               |                     arch_stack_walk
               |                     unwind_next_frame
               |          
                --1.94%--mas_preallocate
                          mas_alloc_nodes
                          kmem_cache_alloc
                          __kasan_slab_alloc
                          kasan_set_track
                          kasan_save_stack
                          stack_trace_save
                          arch_stack_walk

     8.04%     0.00%  rw_us    [kernel.vmlinux]      [k] mas_preallocate
            |
            ---mas_preallocate
               mas_alloc_nodes
               |          
               |--4.17%--kmem_cache_alloc_bulk
               |          |          
               |           --2.78%--__kasan_slab_alloc
               |                     kasan_set_track
               |                     kasan_save_stack
               |                     |          
               |                      --2.49%--stack_trace_save
               |                                arch_stack_walk
               |                                unwind_next_frame
               |                                orc_find.part.0
               |          
                --3.88%--kmem_cache_alloc
                          __kasan_slab_alloc
                          kasan_set_track
                          kasan_save_stack
                          stack_trace_save
                          arch_stack_walk
                          |          
                           --1.94%--unwind_next_frame

     8.04%     0.00%  rw_us    [kernel.vmlinux]      [k] mas_alloc_nodes
            |
            ---mas_alloc_nodes
               |          
               |--4.17%--kmem_cache_alloc_bulk
               |          |          
               |           --2.78%--__kasan_slab_alloc
               |                     kasan_set_track
               |                     kasan_save_stack
               |                     |          
               |                      --2.49%--stack_trace_save
               |                                arch_stack_walk
               |                                unwind_next_frame
               |                                orc_find.part.0
               |          
                --3.88%--kmem_cache_alloc
                          __kasan_slab_alloc
                          kasan_set_track
                          kasan_save_stack
                          stack_trace_save
                          arch_stack_walk
                          |          
                           --1.94%--unwind_next_frame

     8.04%     0.65%  rw_us    [kernel.vmlinux]      [k] __x64_sys_futex
            |          
            |--7.40%--__x64_sys_futex
            |          do_futex
            |          |          
            |          |--5.76%--futex_wait
            |          |          |          
            |          |           --5.30%--futex_wait_queue
            |          |                     |          
            |          |                      --5.01%--schedule
            |          |                                __schedule
            |          |                                |          
            |          |                                 --4.21%--dequeue_task_fair
            |          |                                           |          
            |          |                                            --2.02%--dequeue_entity
            |          |                                                      |          
            |          |                                                       --1.89%--update_curr
            |          |                                                                 |          
            |          |                                                                 |--1.38%--__calc_delta
            |          |                                                                 |          
            |          |                                                                  --0.51%--__cgroup_account_cputime
            |          |                                                                            cgroup_rstat_updated
            |          |          
            |           --1.64%--futex_wake
            |          
             --0.65%--clone3
                       start_thread
                       writer_thread
                       ___pthread_rwlock_unlock (inlined)
                       __pthread_rwlock_wrunlock (inlined)
                       futex_wake (inlined)
                       entry_SYSCALL_64_after_hwframe
                       do_syscall_64
                       __x64_sys_futex

     7.49%     0.00%  rw_us    [kernel.vmlinux]      [k] __x64_sys_execve
            |
            ---__x64_sys_execve
               do_execveat_common.isra.0
               bprm_execve
               load_elf_binary
               |          
               |--5.44%--elf_map
               |          |          
               |          |--4.32%--vm_mmap_pgoff
               |          |          do_mmap
               |          |          mmap_region
               |          |          |          
               |          |          |--1.63%--mas_store_prealloc
               |          |          |          mas_destroy
               |          |          |          kmem_cache_free
               |          |          |          __kasan_slab_free
               |          |          |          kasan_save_free_info
               |          |          |          kasan_set_track
               |          |          |          kasan_save_stack
               |          |          |          stack_trace_save
               |          |          |          arch_stack_walk
               |          |          |          unwind_get_return_address
               |          |          |          
               |          |          |--1.44%--perf_event_mmap
               |          |          |          kmalloc_trace
               |          |          |          __kmem_cache_alloc_node
               |          |          |          ___slab_alloc
               |          |          |          
               |          |           --1.25%--mas_preallocate
               |          |                     mas_alloc_nodes
               |          |                     kmem_cache_alloc_bulk
               |          |          
               |           --1.12%--__vm_munmap
               |                     do_mas_munmap
               |                     do_mas_align_munmap
               |                     __split_vma
               |                     vm_area_dup
               |                     kmem_cache_alloc
               |                     ___slab_alloc
               |          
                --2.05%--setup_arg_pages
                          |          
                          |--1.06%--shift_arg_pages
                          |          |          
                          |           --0.57%--move_page_tables
                          |                     flush_tlb_mm_range
                          |                     flush_tlb_func
                          |                     native_flush_tlb_one_user
                          |          
                           --0.92%--expand_downwards
                                     mas_store_prealloc
                                     mas_destroy
                                     kmem_cache_free
                                     __kasan_slab_free
                                     kasan_save_free_info
                                     kasan_set_track
                                     kasan_save_stack
                                     stack_trace_save
                                     arch_stack_walk
                                     unwind_next_frame

     7.49%     0.00%  rw_us    [kernel.vmlinux]      [k] do_execveat_common.isra.0
            |
            ---do_execveat_common.isra.0
               bprm_execve
               load_elf_binary
               |          
               |--5.44%--elf_map
               |          |          
               |          |--4.32%--vm_mmap_pgoff
               |          |          do_mmap
               |          |          mmap_region
               |          |          |          
               |          |          |--1.63%--mas_store_prealloc
               |          |          |          mas_destroy
               |          |          |          kmem_cache_free
               |          |          |          __kasan_slab_free
               |          |          |          kasan_save_free_info
               |          |          |          kasan_set_track
               |          |          |          kasan_save_stack
               |          |          |          stack_trace_save
               |          |          |          arch_stack_walk
               |          |          |          unwind_get_return_address
               |          |          |          
               |          |          |--1.44%--perf_event_mmap
               |          |          |          kmalloc_trace
               |          |          |          __kmem_cache_alloc_node
               |          |          |          ___slab_alloc
               |          |          |          
               |          |           --1.25%--mas_preallocate
               |          |                     mas_alloc_nodes
               |          |                     kmem_cache_alloc_bulk
               |          |          
               |           --1.12%--__vm_munmap
               |                     do_mas_munmap
               |                     do_mas_align_munmap
               |                     __split_vma
               |                     vm_area_dup
               |                     kmem_cache_alloc
               |                     ___slab_alloc
               |          
                --2.05%--setup_arg_pages
                          |          
                          |--1.06%--shift_arg_pages
                          |          |          
                          |           --0.57%--move_page_tables
                          |                     flush_tlb_mm_range
                          |                     flush_tlb_func
                          |                     native_flush_tlb_one_user
                          |          
                           --0.92%--expand_downwards
                                     mas_store_prealloc
                                     mas_destroy
                                     kmem_cache_free
                                     __kasan_slab_free
                                     kasan_save_free_info
                                     kasan_set_track
                                     kasan_save_stack
                                     stack_trace_save
                                     arch_stack_walk
                                     unwind_next_frame

     7.49%     0.00%  rw_us    [kernel.vmlinux]      [k] bprm_execve
            |
            ---bprm_execve
               load_elf_binary
               |          
               |--5.44%--elf_map
               |          |          
               |          |--4.32%--vm_mmap_pgoff
               |          |          do_mmap
               |          |          mmap_region
               |          |          |          
               |          |          |--1.63%--mas_store_prealloc
               |          |          |          mas_destroy
               |          |          |          kmem_cache_free
               |          |          |          __kasan_slab_free
               |          |          |          kasan_save_free_info
               |          |          |          kasan_set_track
               |          |          |          kasan_save_stack
               |          |          |          stack_trace_save
               |          |          |          arch_stack_walk
               |          |          |          unwind_get_return_address
               |          |          |          
               |          |          |--1.44%--perf_event_mmap
               |          |          |          kmalloc_trace
               |          |          |          __kmem_cache_alloc_node
               |          |          |          ___slab_alloc
               |          |          |          
               |          |           --1.25%--mas_preallocate
               |          |                     mas_alloc_nodes
               |          |                     kmem_cache_alloc_bulk
               |          |          
               |           --1.12%--__vm_munmap
               |                     do_mas_munmap
               |                     do_mas_align_munmap
               |                     __split_vma
               |                     vm_area_dup
               |                     kmem_cache_alloc
               |                     ___slab_alloc
               |          
                --2.05%--setup_arg_pages
                          |          
                          |--1.06%--shift_arg_pages
                          |          |          
                          |           --0.57%--move_page_tables
                          |                     flush_tlb_mm_range
                          |                     flush_tlb_func
                          |                     native_flush_tlb_one_user
                          |          
                           --0.92%--expand_downwards
                                     mas_store_prealloc
                                     mas_destroy
                                     kmem_cache_free
                                     __kasan_slab_free
                                     kasan_save_free_info
                                     kasan_set_track
                                     kasan_save_stack
                                     stack_trace_save
                                     arch_stack_walk
                                     unwind_next_frame

     7.49%     0.00%  rw_us    [kernel.vmlinux]      [k] load_elf_binary
            |
            ---load_elf_binary
               |          
               |--5.44%--elf_map
               |          |          
               |          |--4.32%--vm_mmap_pgoff
               |          |          do_mmap
               |          |          mmap_region
               |          |          |          
               |          |          |--1.63%--mas_store_prealloc
               |          |          |          mas_destroy
               |          |          |          kmem_cache_free
               |          |          |          __kasan_slab_free
               |          |          |          kasan_save_free_info
               |          |          |          kasan_set_track
               |          |          |          kasan_save_stack
               |          |          |          stack_trace_save
               |          |          |          arch_stack_walk
               |          |          |          unwind_get_return_address
               |          |          |          
               |          |          |--1.44%--perf_event_mmap
               |          |          |          kmalloc_trace
               |          |          |          __kmem_cache_alloc_node
               |          |          |          ___slab_alloc
               |          |          |          
               |          |           --1.25%--mas_preallocate
               |          |                     mas_alloc_nodes
               |          |                     kmem_cache_alloc_bulk
               |          |          
               |           --1.12%--__vm_munmap
               |                     do_mas_munmap
               |                     do_mas_align_munmap
               |                     __split_vma
               |                     vm_area_dup
               |                     kmem_cache_alloc
               |                     ___slab_alloc
               |          
                --2.05%--setup_arg_pages
                          |          
                          |--1.06%--shift_arg_pages
                          |          |          
                          |           --0.57%--move_page_tables
                          |                     flush_tlb_mm_range
                          |                     flush_tlb_func
                          |                     native_flush_tlb_one_user
                          |          
                           --0.92%--expand_downwards
                                     mas_store_prealloc
                                     mas_destroy
                                     kmem_cache_free
                                     __kasan_slab_free
                                     kasan_save_free_info
                                     kasan_set_track
                                     kasan_save_stack
                                     stack_trace_save
                                     arch_stack_walk
                                     unwind_next_frame

     6.92%     0.00%  rw_us    [kernel.vmlinux]      [k] perf_event_init_task
            |
            ---perf_event_init_task
               inherit_task_group.isra.0
               inherit_event.constprop.0
               perf_event_alloc
               |          
               |--4.93%--perf_try_init_event
               |          x86_pmu_event_init
               |          |          
               |          |--2.48%--allocate_fake_cpuc
               |          |          __kasan_kmalloc
               |          |          kasan_set_track
               |          |          kasan_save_stack
               |          |          stack_trace_save
               |          |          arch_stack_walk
               |          |          unwind_next_frame
               |          |          __orc_find
               |          |          
               |           --2.44%--__kmem_cache_free
               |                     __kasan_slab_free
               |                     kasan_save_free_info
               |                     kasan_set_track
               |                     kasan_save_stack
               |                     stack_trace_save
               |                     arch_stack_walk
               |                     unwind_next_frame
               |          
                --2.00%--kmem_cache_alloc_node
                          __kasan_slab_alloc
                          kasan_set_track
                          kasan_save_stack
                          stack_trace_save
                          arch_stack_walk
                          unwind_next_frame
                          orc_find.part.0

     6.92%     0.00%  rw_us    [kernel.vmlinux]      [k] inherit_task_group.isra.0
            |
            ---inherit_task_group.isra.0
               inherit_event.constprop.0
               perf_event_alloc
               |          
               |--4.93%--perf_try_init_event
               |          x86_pmu_event_init
               |          |          
               |          |--2.48%--allocate_fake_cpuc
               |          |          __kasan_kmalloc
               |          |          kasan_set_track
               |          |          kasan_save_stack
               |          |          stack_trace_save
               |          |          arch_stack_walk
               |          |          unwind_next_frame
               |          |          __orc_find
               |          |          
               |           --2.44%--__kmem_cache_free
               |                     __kasan_slab_free
               |                     kasan_save_free_info
               |                     kasan_set_track
               |                     kasan_save_stack
               |                     stack_trace_save
               |                     arch_stack_walk
               |                     unwind_next_frame
               |          
                --2.00%--kmem_cache_alloc_node
                          __kasan_slab_alloc
                          kasan_set_track
                          kasan_save_stack
                          stack_trace_save
                          arch_stack_walk
                          unwind_next_frame
                          orc_find.part.0

     6.92%     0.00%  rw_us    [kernel.vmlinux]      [k] inherit_event.constprop.0
            |
            ---inherit_event.constprop.0
               perf_event_alloc
               |          
               |--4.93%--perf_try_init_event
               |          x86_pmu_event_init
               |          |          
               |          |--2.48%--allocate_fake_cpuc
               |          |          __kasan_kmalloc
               |          |          kasan_set_track
               |          |          kasan_save_stack
               |          |          stack_trace_save
               |          |          arch_stack_walk
               |          |          unwind_next_frame
               |          |          __orc_find
               |          |          
               |           --2.44%--__kmem_cache_free
               |                     __kasan_slab_free
               |                     kasan_save_free_info
               |                     kasan_set_track
               |                     kasan_save_stack
               |                     stack_trace_save
               |                     arch_stack_walk
               |                     unwind_next_frame
               |          
                --2.00%--kmem_cache_alloc_node
                          __kasan_slab_alloc
                          kasan_set_track
                          kasan_save_stack
                          stack_trace_save
                          arch_stack_walk
                          unwind_next_frame
                          orc_find.part.0

     6.92%     0.00%  rw_us    [kernel.vmlinux]      [k] perf_event_alloc
            |
            ---perf_event_alloc
               |          
               |--4.93%--perf_try_init_event
               |          x86_pmu_event_init
               |          |          
               |          |--2.48%--allocate_fake_cpuc
               |          |          __kasan_kmalloc
               |          |          kasan_set_track
               |          |          kasan_save_stack
               |          |          stack_trace_save
               |          |          arch_stack_walk
               |          |          unwind_next_frame
               |          |          __orc_find
               |          |          
               |           --2.44%--__kmem_cache_free
               |                     __kasan_slab_free
               |                     kasan_save_free_info
               |                     kasan_set_track
               |                     kasan_save_stack
               |                     stack_trace_save
               |                     arch_stack_walk
               |                     unwind_next_frame
               |          
                --2.00%--kmem_cache_alloc_node
                          __kasan_slab_alloc
                          kasan_set_track
                          kasan_save_stack
                          stack_trace_save
                          arch_stack_walk
                          unwind_next_frame
                          orc_find.part.0

     6.76%     0.00%  rw_us    [kernel.vmlinux]      [k] do_exit
            |
            ---do_exit
               |          
               |--3.76%--__mmput
               |          exit_mmap
               |          |          
               |          |--1.89%--__mt_destroy
               |          |          mt_destroy_walk.isra.0
               |          |          kmem_cache_free_bulk.part.0
               |          |          __kasan_slab_free
               |          |          kasan_save_free_info
               |          |          kasan_set_track
               |          |          kasan_save_stack
               |          |          
               |           --1.87%--free_pgtables
               |                     unlink_anon_vmas
               |                     kmem_cache_free
               |                     __kasan_slab_free
               |                     kasan_save_free_info
               |                     kasan_set_track
               |                     kasan_save_stack
               |                     stack_trace_save
               |                     arch_stack_walk
               |          
               |--0.90%--membarrier_update_current_mm
               |          
               |--0.86%--mm_release
               |          do_futex
               |          futex_wake
               |          wake_up_q
               |          try_to_wake_up
               |          _raw_spin_lock_irqsave
               |          
               |--0.65%--exit_signals
               |          
                --0.58%--exit_mm_release
                          futex_exit_release
                          futex_cleanup

     6.65%     0.00%  rw_us    [kernel.vmlinux]      [k] kmem_cache_free
            |
            ---kmem_cache_free
               __kasan_slab_free
               kasan_save_free_info
               kasan_set_track
               kasan_save_stack
               stack_trace_save
               arch_stack_walk
               |          
               |--3.15%--unwind_next_frame
               |          
                --1.63%--unwind_get_return_address

     6.55%     6.55%  rw_us    [kernel.vmlinux]      [k] orc_find.part.0
            |          
            |--2.49%--_start
            |          __libc_start_main_impl (inlined)
            |          __libc_start_call_main
            |          main
            |          __pthread_create_2_1 (inlined)
            |          allocate_stack (inlined)
            |          setup_stack_prot (inlined)
            |          __GI_mprotect (inlined)
            |          entry_SYSCALL_64_after_hwframe
            |          do_syscall_64
            |          __x64_sys_mprotect
            |          do_mprotect_pkey
            |          mprotect_fixup
            |          __split_vma
            |          __vma_adjust
            |          mas_preallocate
            |          mas_alloc_nodes
            |          kmem_cache_alloc_bulk
            |          __kasan_slab_alloc
            |          kasan_set_track
            |          kasan_save_stack
            |          stack_trace_save
            |          arch_stack_walk
            |          unwind_next_frame
            |          orc_find.part.0
            |          
            |--2.06%--_start
            |          _dl_start
            |          _dl_start_final (inlined)
            |          _dl_sysdep_start
            |          dl_main
            |          _dl_map_object_deps
            |          _dl_catch_exception
            |          openaux
            |          _dl_map_object
            |          _dl_map_object_from_fd
            |          _dl_map_segments (inlined)
            |          __mmap64 (inlined)
            |          __mmap64 (inlined)
            |          entry_SYSCALL_64_after_hwframe
            |          do_syscall_64
            |          ksys_mmap_pgoff
            |          vm_mmap_pgoff
            |          do_mmap
            |          mmap_region
            |          do_mas_munmap
            |          do_mas_align_munmap
            |          __split_vma
            |          __vma_adjust
            |          mas_store_prealloc
            |          mas_destroy
            |          kmem_cache_free_bulk.part.0
            |          __kasan_slab_free
            |          kasan_save_free_info
            |          kasan_set_track
            |          kasan_save_stack
            |          stack_trace_save
            |          arch_stack_walk
            |          unwind_next_frame
            |          orc_find.part.0
            |          
             --2.00%--clone3
                       entry_SYSCALL_64_after_hwframe
                       do_syscall_64
                       __do_sys_clone3
                       kernel_clone
                       copy_process
                       perf_event_init_task
                       inherit_task_group.isra.0
                       inherit_event.constprop.0
                       perf_event_alloc
                       kmem_cache_alloc_node
                       __kasan_slab_alloc
                       kasan_set_track
                       kasan_save_stack
                       stack_trace_save
                       arch_stack_walk
                       unwind_next_frame
                       orc_find.part.0

     6.50%     0.00%  rw_us    [kernel.vmlinux]      [k] mprotect_fixup
            |
            ---mprotect_fixup
               |          
               |--4.40%--__split_vma
               |          __vma_adjust
               |          |          
               |          |--2.49%--mas_preallocate
               |          |          mas_alloc_nodes
               |          |          kmem_cache_alloc_bulk
               |          |          __kasan_slab_alloc
               |          |          kasan_set_track
               |          |          kasan_save_stack
               |          |          stack_trace_save
               |          |          arch_stack_walk
               |          |          unwind_next_frame
               |          |          orc_find.part.0
               |          |          
               |           --1.90%--mas_store_prealloc
               |                     mas_destroy
               |                     kmem_cache_free_bulk.part.0
               |                     __kasan_slab_free
               |                     kasan_save_free_info
               |                     kasan_set_track
               |                     kasan_save_stack
               |                     stack_trace_save
               |                     arch_stack_walk
               |                     unwind_next_frame
               |          
                --2.10%--perf_event_mmap
                          |          
                           --2.09%--perf_iterate_sb
                                     perf_iterate_ctx
                                     perf_event_mmap_output
                                     |          
                                      --2.04%--perf_output_copy
                                                __output_copy
                                                __memcpy

     6.44%     0.00%  rw_us    libc.so.6             [.] setup_stack_prot (inlined)
            |
            ---setup_stack_prot (inlined)
               __GI_mprotect (inlined)
               entry_SYSCALL_64_after_hwframe
               do_syscall_64
               __x64_sys_mprotect
               do_mprotect_pkey
               mprotect_fixup
               |          
               |--4.40%--__split_vma
               |          __vma_adjust
               |          |          
               |          |--2.49%--mas_preallocate
               |          |          mas_alloc_nodes
               |          |          kmem_cache_alloc_bulk
               |          |          __kasan_slab_alloc
               |          |          kasan_set_track
               |          |          kasan_save_stack
               |          |          stack_trace_save
               |          |          arch_stack_walk
               |          |          unwind_next_frame
               |          |          orc_find.part.0
               |          |          
               |           --1.90%--mas_store_prealloc
               |                     mas_destroy
               |                     kmem_cache_free_bulk.part.0
               |                     __kasan_slab_free
               |                     kasan_save_free_info
               |                     kasan_set_track
               |                     kasan_save_stack
               |                     stack_trace_save
               |                     arch_stack_walk
               |                     unwind_next_frame
               |          
                --2.04%--perf_event_mmap
                          perf_iterate_sb
                          perf_iterate_ctx
                          perf_event_mmap_output
                          perf_output_copy
                          __output_copy
                          __memcpy

     6.44%     0.00%  rw_us    libc.so.6             [.] __GI_mprotect (inlined)
            |
            ---__GI_mprotect (inlined)
               entry_SYSCALL_64_after_hwframe
               do_syscall_64
               __x64_sys_mprotect
               do_mprotect_pkey
               mprotect_fixup
               |          
               |--4.40%--__split_vma
               |          __vma_adjust
               |          |          
               |          |--2.49%--mas_preallocate
               |          |          mas_alloc_nodes
               |          |          kmem_cache_alloc_bulk
               |          |          __kasan_slab_alloc
               |          |          kasan_set_track
               |          |          kasan_save_stack
               |          |          stack_trace_save
               |          |          arch_stack_walk
               |          |          unwind_next_frame
               |          |          orc_find.part.0
               |          |          
               |           --1.90%--mas_store_prealloc
               |                     mas_destroy
               |                     kmem_cache_free_bulk.part.0
               |                     __kasan_slab_free
               |                     kasan_save_free_info
               |                     kasan_set_track
               |                     kasan_save_stack
               |                     stack_trace_save
               |                     arch_stack_walk
               |                     unwind_next_frame
               |          
                --2.04%--perf_event_mmap
                          perf_iterate_sb
                          perf_iterate_ctx
                          perf_event_mmap_output
                          perf_output_copy
                          __output_copy
                          __memcpy

     6.44%     0.00%  rw_us    [kernel.vmlinux]      [k] __x64_sys_mprotect
            |
            ---__x64_sys_mprotect
               do_mprotect_pkey
               mprotect_fixup
               |          
               |--4.40%--__split_vma
               |          __vma_adjust
               |          |          
               |          |--2.49%--mas_preallocate
               |          |          mas_alloc_nodes
               |          |          kmem_cache_alloc_bulk
               |          |          __kasan_slab_alloc
               |          |          kasan_set_track
               |          |          kasan_save_stack
               |          |          stack_trace_save
               |          |          arch_stack_walk
               |          |          unwind_next_frame
               |          |          orc_find.part.0
               |          |          
               |           --1.90%--mas_store_prealloc
               |                     mas_destroy
               |                     kmem_cache_free_bulk.part.0
               |                     __kasan_slab_free
               |                     kasan_save_free_info
               |                     kasan_set_track
               |                     kasan_save_stack
               |                     stack_trace_save
               |                     arch_stack_walk
               |                     unwind_next_frame
               |          
                --2.04%--perf_event_mmap
                          perf_iterate_sb
                          perf_iterate_ctx
                          perf_event_mmap_output
                          perf_output_copy
                          __output_copy
                          __memcpy

     6.44%     0.00%  rw_us    [kernel.vmlinux]      [k] do_mprotect_pkey
            |
            ---do_mprotect_pkey
               mprotect_fixup
               |          
               |--4.40%--__split_vma
               |          __vma_adjust
               |          |          
               |          |--2.49%--mas_preallocate
               |          |          mas_alloc_nodes
               |          |          kmem_cache_alloc_bulk
               |          |          __kasan_slab_alloc
               |          |          kasan_set_track
               |          |          kasan_save_stack
               |          |          stack_trace_save
               |          |          arch_stack_walk
               |          |          unwind_next_frame
               |          |          orc_find.part.0
               |          |          
               |           --1.90%--mas_store_prealloc
               |                     mas_destroy
               |                     kmem_cache_free_bulk.part.0
               |                     __kasan_slab_free
               |                     kasan_save_free_info
               |                     kasan_set_track
               |                     kasan_save_stack
               |                     stack_trace_save
               |                     arch_stack_walk
               |                     unwind_next_frame
               |          
                --2.04%--perf_event_mmap
                          perf_iterate_sb
                          perf_iterate_ctx
                          perf_event_mmap_output
                          perf_output_copy
                          __output_copy
                          __memcpy

     6.39%     0.00%  rw_us    libc.so.6             [.] __GI___mmap64 (inlined)
            |
            ---__GI___mmap64 (inlined)
               __GI___mmap64 (inlined)
               entry_SYSCALL_64_after_hwframe
               do_syscall_64
               vm_mmap_pgoff
               |          
               |--4.42%--do_mmap
               |          |          
               |          |--2.22%--mmap_region
               |          |          vma_expand
               |          |          mas_store_prealloc
               |          |          mas_destroy
               |          |          kmem_cache_free
               |          |          __kasan_slab_free
               |          |          kasan_save_free_info
               |          |          kasan_set_track
               |          |          kasan_save_stack
               |          |          stack_trace_save
               |          |          arch_stack_walk
               |          |          unwind_next_frame
               |          |          
               |           --2.20%--get_unmapped_area
               |                     arch_get_unmapped_area_topdown
               |                     vm_unmapped_area
               |                     mas_empty_area_rev
               |          
                --1.97%--down_write_killable
                          rwsem_down_write_slowpath
                          kasan_check_range

     6.20%     0.00%  rw_us    ld-linux-x86-64.so.2  [.] _dl_map_object_from_fd
            |
            ---_dl_map_object_from_fd
               _dl_map_segments (inlined)
               __mmap64 (inlined)
               __mmap64 (inlined)
               entry_SYSCALL_64_after_hwframe
               do_syscall_64
               ksys_mmap_pgoff
               vm_mmap_pgoff
               do_mmap
               mmap_region
               do_mas_munmap
               do_mas_align_munmap
               |          
               |--4.04%--__split_vma
               |          __vma_adjust
               |          mas_store_prealloc
               |          mas_destroy
               |          kmem_cache_free_bulk.part.0
               |          __kasan_slab_free
               |          kasan_save_free_info
               |          kasan_set_track
               |          kasan_save_stack
               |          stack_trace_save
               |          arch_stack_walk
               |          unwind_next_frame
               |          |          
               |           --2.06%--orc_find.part.0
               |          
                --2.16%--mas_store_prealloc
                          mas_destroy
                          kmem_cache_free_bulk.part.0
                          __kasan_slab_free
                          kasan_save_free_info
                          kasan_set_track
                          kasan_save_stack
                          stack_trace_save
                          arch_stack_walk
                          unwind_next_frame

     6.20%     0.00%  rw_us    ld-linux-x86-64.so.2  [.] _dl_map_segments (inlined)
            |
            ---_dl_map_segments (inlined)
               __mmap64 (inlined)
               __mmap64 (inlined)
               entry_SYSCALL_64_after_hwframe
               do_syscall_64
               ksys_mmap_pgoff
               vm_mmap_pgoff
               do_mmap
               mmap_region
               do_mas_munmap
               do_mas_align_munmap
               |          
               |--4.04%--__split_vma
               |          __vma_adjust
               |          mas_store_prealloc
               |          mas_destroy
               |          kmem_cache_free_bulk.part.0
               |          __kasan_slab_free
               |          kasan_save_free_info
               |          kasan_set_track
               |          kasan_save_stack
               |          stack_trace_save
               |          arch_stack_walk
               |          unwind_next_frame
               |          |          
               |           --2.06%--orc_find.part.0
               |          
                --2.16%--mas_store_prealloc
                          mas_destroy
                          kmem_cache_free_bulk.part.0
                          __kasan_slab_free
                          kasan_save_free_info
                          kasan_set_track
                          kasan_save_stack
                          stack_trace_save
                          arch_stack_walk
                          unwind_next_frame

     6.01%     0.00%  rw_us    [kernel.vmlinux]      [k] syscall_exit_to_user_mode
            |
            ---syscall_exit_to_user_mode
               |          
                --5.96%--exit_to_user_mode_prepare
                          |          
                          |--2.78%--__rseq_handle_notify_resume
                          |          |          
                          |           --1.14%--__get_user_8
                          |          
                          |--1.80%--task_work_run
                          |          __fput
                          |          __dentry_kill
                          |          evict
                          |          destroy_inode
                          |          __destroy_inode
                          |          fsnotify_destroy_marks
                          |          fsnotify_grab_connector
                          |          __srcu_read_lock
                          |          
                           --1.39%--switch_fpu_return
                                     |          
                                      --0.58%--restore_fpregs_from_fpstate

     5.96%     0.00%  rw_us    [kernel.vmlinux]      [k] exit_to_user_mode_prepare
            |          
             --5.96%--exit_to_user_mode_prepare
                       |          
                       |--2.78%--__rseq_handle_notify_resume
                       |          |          
                       |           --1.14%--__get_user_8
                       |          
                       |--1.80%--task_work_run
                       |          __fput
                       |          __dentry_kill
                       |          evict
                       |          destroy_inode
                       |          __destroy_inode
                       |          fsnotify_destroy_marks
                       |          fsnotify_grab_connector
                       |          __srcu_read_lock
                       |          
                        --1.39%--switch_fpu_return
                                  |          
                                   --0.58%--restore_fpregs_from_fpstate

     5.93%     0.00%  rw_us    libc.so.6             [.] ___pthread_rwlock_wrlock (inlined)
            |
            ---___pthread_rwlock_wrlock (inlined)
               __pthread_rwlock_wrlock_full64 (inlined)
               __futex_abstimed_wait_common
               entry_SYSCALL_64_after_hwframe
               do_syscall_64
               |          
                --5.76%--__x64_sys_futex
                          do_futex
                          futex_wait
                          |          
                           --5.30%--futex_wait_queue
                                     |          
                                      --5.01%--schedule
                                                __schedule
                                                |          
                                                 --4.21%--dequeue_task_fair
                                                           |          
                                                            --2.02%--dequeue_entity
                                                                      |          
                                                                       --1.89%--update_curr
                                                                                 |          
                                                                                 |--1.38%--__calc_delta
                                                                                 |          
                                                                                  --0.51%--__cgroup_account_cputime
                                                                                            cgroup_rstat_updated

     5.93%     0.00%  rw_us    libc.so.6             [.] __pthread_rwlock_wrlock_full64 (inlined)
            |
            ---__pthread_rwlock_wrlock_full64 (inlined)
               __futex_abstimed_wait_common
               entry_SYSCALL_64_after_hwframe
               do_syscall_64
               |          
                --5.76%--__x64_sys_futex
                          do_futex
                          futex_wait
                          |          
                           --5.30%--futex_wait_queue
                                     |          
                                      --5.01%--schedule
                                                __schedule
                                                |          
                                                 --4.21%--dequeue_task_fair
                                                           |          
                                                            --2.02%--dequeue_entity
                                                                      |          
                                                                       --1.89%--update_curr
                                                                                 |          
                                                                                 |--1.38%--__calc_delta
                                                                                 |          
                                                                                  --0.51%--__cgroup_account_cputime
                                                                                            cgroup_rstat_updated

     5.93%     0.00%  rw_us    libc.so.6             [.] __futex_abstimed_wait_common
            |
            ---__futex_abstimed_wait_common
               entry_SYSCALL_64_after_hwframe
               do_syscall_64
               |          
                --5.76%--__x64_sys_futex
                          do_futex
                          futex_wait
                          |          
                           --5.30%--futex_wait_queue
                                     |          
                                      --5.01%--schedule
                                                __schedule
                                                |          
                                                 --4.21%--dequeue_task_fair
                                                           |          
                                                            --2.02%--dequeue_entity
                                                                      |          
                                                                       --1.89%--update_curr
                                                                                 |          
                                                                                 |--1.38%--__calc_delta
                                                                                 |          
                                                                                  --0.51%--__cgroup_account_cputime
                                                                                            cgroup_rstat_updated

     5.76%     0.00%  rw_us    [kernel.vmlinux]      [k] futex_wait
            |
            ---futex_wait
               |          
                --5.30%--futex_wait_queue
                          |          
                           --5.01%--schedule
                                     __schedule
                                     |          
                                      --4.21%--dequeue_task_fair
                                                |          
                                                 --2.02%--dequeue_entity
                                                           |          
                                                            --1.89%--update_curr
                                                                      |          
                                                                      |--1.38%--__calc_delta
                                                                      |          
                                                                       --0.51%--__cgroup_account_cputime
                                                                                 cgroup_rstat_updated

     5.64%     0.13%  rw_us    [kernel.vmlinux]      [k] dequeue_entity
            |          
             --5.51%--dequeue_entity
                       |          
                        --5.51%--update_curr
                                  |          
                                  |--1.48%--cpuacct_charge
                                  |          
                                  |--1.38%--__calc_delta
                                  |          
                                   --1.09%--__cgroup_account_cputime
                                             cgroup_rstat_updated

     5.51%     1.16%  rw_us    [kernel.vmlinux]      [k] update_curr
            |          
            |--4.35%--update_curr
            |          |          
            |          |--1.48%--cpuacct_charge
            |          |          
            |          |--1.38%--__calc_delta
            |          |          
            |           --1.09%--__cgroup_account_cputime
            |                     cgroup_rstat_updated
            |          
             --1.16%--clone3
                       start_thread
                       writer_thread
                       msleep
                       usleep
                       __GI___nanosleep (inlined)
                       __GI___clock_nanosleep (inlined)
                       entry_SYSCALL_64_after_hwframe
                       do_syscall_64
                       __x64_sys_clock_nanosleep
                       common_nsleep
                       hrtimer_nanosleep
                       do_nanosleep
                       schedule
                       __schedule
                       dequeue_task_fair
                       dequeue_entity
                       update_curr

     5.44%     0.00%  rw_us    [kernel.vmlinux]      [k] elf_map
            |
            ---elf_map
               |          
               |--4.32%--vm_mmap_pgoff
               |          do_mmap
               |          mmap_region
               |          |          
               |          |--1.63%--mas_store_prealloc
               |          |          mas_destroy
               |          |          kmem_cache_free
               |          |          __kasan_slab_free
               |          |          kasan_save_free_info
               |          |          kasan_set_track
               |          |          kasan_save_stack
               |          |          stack_trace_save
               |          |          arch_stack_walk
               |          |          unwind_get_return_address
               |          |          
               |          |--1.44%--perf_event_mmap
               |          |          kmalloc_trace
               |          |          __kmem_cache_alloc_node
               |          |          ___slab_alloc
               |          |          
               |           --1.25%--mas_preallocate
               |                     mas_alloc_nodes
               |                     kmem_cache_alloc_bulk
               |          
                --1.12%--__vm_munmap
                          do_mas_munmap
                          do_mas_align_munmap
                          __split_vma
                          vm_area_dup
                          kmem_cache_alloc
                          ___slab_alloc

     5.30%     0.00%  rw_us    [kernel.vmlinux]      [k] futex_wait_queue
            |
            ---futex_wait_queue
               |          
                --5.01%--schedule
                          __schedule
                          |          
                           --4.21%--dequeue_task_fair
                                     |          
                                      --2.02%--dequeue_entity
                                                |          
                                                 --1.89%--update_curr
                                                           |          
                                                           |--1.38%--__calc_delta
                                                           |          
                                                            --0.51%--__cgroup_account_cputime
                                                                      cgroup_rstat_updated

     4.99%     0.00%  rw_us    [kernel.vmlinux]      [k] kmem_cache_alloc
            |
            ---kmem_cache_alloc
               |          
               |--3.88%--__kasan_slab_alloc
               |          kasan_set_track
               |          kasan_save_stack
               |          stack_trace_save
               |          arch_stack_walk
               |          |          
               |           --1.94%--unwind_next_frame
               |          
                --1.12%--___slab_alloc

     4.93%     0.00%  rw_us    [kernel.vmlinux]      [k] perf_try_init_event
            |
            ---perf_try_init_event
               x86_pmu_event_init
               |          
               |--2.48%--allocate_fake_cpuc
               |          __kasan_kmalloc
               |          kasan_set_track
               |          kasan_save_stack
               |          stack_trace_save
               |          arch_stack_walk
               |          unwind_next_frame
               |          __orc_find
               |          
                --2.44%--__kmem_cache_free
                          __kasan_slab_free
                          kasan_save_free_info
                          kasan_set_track
                          kasan_save_stack
                          stack_trace_save
                          arch_stack_walk
                          unwind_next_frame

     4.93%     0.00%  rw_us    [kernel.vmlinux]      [k] x86_pmu_event_init
            |
            ---x86_pmu_event_init
               |          
               |--2.48%--allocate_fake_cpuc
               |          __kasan_kmalloc
               |          kasan_set_track
               |          kasan_save_stack
               |          stack_trace_save
               |          arch_stack_walk
               |          unwind_next_frame
               |          __orc_find
               |          
                --2.44%--__kmem_cache_free
                          __kasan_slab_free
                          kasan_save_free_info
                          kasan_set_track
                          kasan_save_stack
                          stack_trace_save
                          arch_stack_walk
                          unwind_next_frame

     4.74%     4.74%  rw_us    [kernel.vmlinux]      [k] __orc_find
            |          
            |--2.48%--clone3
            |          entry_SYSCALL_64_after_hwframe
            |          do_syscall_64
            |          __do_sys_clone3
            |          kernel_clone
            |          copy_process
            |          perf_event_init_task
            |          inherit_task_group.isra.0
            |          inherit_event.constprop.0
            |          perf_event_alloc
            |          perf_try_init_event
            |          x86_pmu_event_init
            |          allocate_fake_cpuc
            |          __kasan_kmalloc
            |          kasan_set_track
            |          kasan_save_stack
            |          stack_trace_save
            |          arch_stack_walk
            |          unwind_next_frame
            |          __orc_find
            |          
             --2.25%--_start
                       _dl_start
                       _dl_start_final (inlined)
                       _dl_sysdep_start
                       dl_main
                       init_tls
                       _dl_allocate_tls_storage
                       malloc (inlined)
                       __minimal_malloc
                       __mmap64 (inlined)
                       __mmap64 (inlined)
                       entry_SYSCALL_64_after_hwframe
                       do_syscall_64
                       vm_mmap_pgoff
                       do_mmap
                       mmap_region
                       mas_store_prealloc
                       mas_destroy
                       kmem_cache_free_bulk.part.0
                       __kasan_slab_free
                       kasan_save_free_info
                       kasan_set_track
                       kasan_save_stack
                       stack_trace_save
                       arch_stack_walk
                       unwind_next_frame
                       __orc_find

     4.17%     1.25%  rw_us    [kernel.vmlinux]      [k] kmem_cache_alloc_bulk
            |          
            |--2.92%--kmem_cache_alloc_bulk
            |          |          
            |           --2.78%--__kasan_slab_alloc
            |                     kasan_set_track
            |                     kasan_save_stack
            |                     |          
            |                      --2.49%--stack_trace_save
            |                                arch_stack_walk
            |                                unwind_next_frame
            |                                orc_find.part.0
            |          
             --1.25%--entry_SYSCALL_64_after_hwframe
                       do_syscall_64
                       __x64_sys_execve
                       do_execveat_common.isra.0
                       bprm_execve
                       load_elf_binary
                       elf_map
                       vm_mmap_pgoff
                       do_mmap
                       mmap_region
                       mas_preallocate
                       mas_alloc_nodes
                       kmem_cache_alloc_bulk

     4.13%     0.58%  rw_us    [kernel.vmlinux]      [k] __perf_event_task_sched_out
            |          
            |--3.55%--__perf_event_task_sched_out
            |          |          
            |           --3.26%--amd_pmu_disable_all
            |                     x86_pmu_disable_all
            |                     |          
            |                      --2.50%--native_read_msr
            |          
             --0.58%--clone3
                       start_thread
                       reader_thread
                       msleep
                       usleep
                       __GI___nanosleep (inlined)
                       __GI___clock_nanosleep (inlined)
                       entry_SYSCALL_64_after_hwframe
                       do_syscall_64
                       __x64_sys_clock_nanosleep
                       common_nsleep
                       hrtimer_nanosleep
                       do_nanosleep
                       schedule
                       __schedule
                       __perf_event_task_sched_out

     3.76%     0.00%  rw_us    [kernel.vmlinux]      [k] __x64_sys_exit_group
            |
            ---__x64_sys_exit_group
               do_group_exit
               do_exit
               __mmput
               exit_mmap
               |          
               |--1.89%--__mt_destroy
               |          mt_destroy_walk.isra.0
               |          kmem_cache_free_bulk.part.0
               |          __kasan_slab_free
               |          kasan_save_free_info
               |          kasan_set_track
               |          kasan_save_stack
               |          
                --1.87%--free_pgtables
                          unlink_anon_vmas
                          kmem_cache_free
                          __kasan_slab_free
                          kasan_save_free_info
                          kasan_set_track
                          kasan_save_stack
                          stack_trace_save
                          arch_stack_walk

     3.76%     0.00%  rw_us    [kernel.vmlinux]      [k] do_group_exit
            |
            ---do_group_exit
               do_exit
               __mmput
               exit_mmap
               |          
               |--1.89%--__mt_destroy
               |          mt_destroy_walk.isra.0
               |          kmem_cache_free_bulk.part.0
               |          __kasan_slab_free
               |          kasan_save_free_info
               |          kasan_set_track
               |          kasan_save_stack
               |          
                --1.87%--free_pgtables
                          unlink_anon_vmas
                          kmem_cache_free
                          __kasan_slab_free
                          kasan_save_free_info
                          kasan_set_track
                          kasan_save_stack
                          stack_trace_save
                          arch_stack_walk

     3.76%     0.00%  rw_us    [kernel.vmlinux]      [k] __mmput
            |
            ---__mmput
               exit_mmap
               |          
               |--1.89%--__mt_destroy
               |          mt_destroy_walk.isra.0
               |          kmem_cache_free_bulk.part.0
               |          __kasan_slab_free
               |          kasan_save_free_info
               |          kasan_set_track
               |          kasan_save_stack
               |          
                --1.87%--free_pgtables
                          unlink_anon_vmas
                          kmem_cache_free
                          __kasan_slab_free
                          kasan_save_free_info
                          kasan_set_track
                          kasan_save_stack
                          stack_trace_save
                          arch_stack_walk

     3.76%     0.00%  rw_us    [kernel.vmlinux]      [k] exit_mmap
            |
            ---exit_mmap
               |          
               |--1.89%--__mt_destroy
               |          mt_destroy_walk.isra.0
               |          kmem_cache_free_bulk.part.0
               |          __kasan_slab_free
               |          kasan_save_free_info
               |          kasan_set_track
               |          kasan_save_stack
               |          
                --1.87%--free_pgtables
                          unlink_anon_vmas
                          kmem_cache_free
                          __kasan_slab_free
                          kasan_save_free_info
                          kasan_set_track
                          kasan_save_stack
                          stack_trace_save
                          arch_stack_walk

     3.74%     0.00%  rw_us    libc.so.6             [.] __pthread_clockjoin_ex
            |
            ---__pthread_clockjoin_ex
               __GI___nptl_deallocate_stack
               queue_stack (inlined)
               __nptl_free_stacks
               |          
                --1.87%--__GI_munmap (inlined)
                          entry_SYSCALL_64_after_hwframe
                          do_syscall_64
                          __x64_sys_munmap
                          __vm_munmap
                          do_mas_munmap
                          do_mas_align_munmap
                          mas_preallocate
                          mas_alloc_nodes
                          kmem_cache_alloc
                          __kasan_slab_alloc
                          kasan_set_track
                          kasan_save_stack
                          stack_trace_save
                          arch_stack_walk
                          unwind_next_frame

     3.74%     0.00%  rw_us    libc.so.6             [.] __GI___nptl_deallocate_stack
            |
            ---__GI___nptl_deallocate_stack
               queue_stack (inlined)
               __nptl_free_stacks
               |          
                --1.87%--__GI_munmap (inlined)
                          entry_SYSCALL_64_after_hwframe
                          do_syscall_64
                          __x64_sys_munmap
                          __vm_munmap
                          do_mas_munmap
                          do_mas_align_munmap
                          mas_preallocate
                          mas_alloc_nodes
                          kmem_cache_alloc
                          __kasan_slab_alloc
                          kasan_set_track
                          kasan_save_stack
                          stack_trace_save
                          arch_stack_walk
                          unwind_next_frame

     3.74%     0.00%  rw_us    libc.so.6             [.] queue_stack (inlined)
            |
            ---queue_stack (inlined)
               __nptl_free_stacks
               |          
                --1.87%--__GI_munmap (inlined)
                          entry_SYSCALL_64_after_hwframe
                          do_syscall_64
                          __x64_sys_munmap
                          __vm_munmap
                          do_mas_munmap
                          do_mas_align_munmap
                          mas_preallocate
                          mas_alloc_nodes
                          kmem_cache_alloc
                          __kasan_slab_alloc
                          kasan_set_track
                          kasan_save_stack
                          stack_trace_save
                          arch_stack_walk
                          unwind_next_frame

     3.74%     1.87%  rw_us    libc.so.6             [.] __nptl_free_stacks
            |          
            |--1.87%--__nptl_free_stacks
            |          __GI_munmap (inlined)
            |          entry_SYSCALL_64_after_hwframe
            |          do_syscall_64
            |          __x64_sys_munmap
            |          __vm_munmap
            |          do_mas_munmap
            |          do_mas_align_munmap
            |          mas_preallocate
            |          mas_alloc_nodes
            |          kmem_cache_alloc
            |          __kasan_slab_alloc
            |          kasan_set_track
            |          kasan_save_stack
            |          stack_trace_save
            |          arch_stack_walk
            |          unwind_next_frame
            |          
             --1.87%--_start
                       __libc_start_main_impl (inlined)
                       __libc_start_call_main
                       main
                       __pthread_clockjoin_ex
                       __GI___nptl_deallocate_stack
                       queue_stack (inlined)
                       __nptl_free_stacks

     3.54%     0.00%  rw_us    [kernel.vmlinux]      [k] perf_event_mmap
            |
            ---perf_event_mmap
               |          
               |--2.09%--perf_iterate_sb
               |          perf_iterate_ctx
               |          perf_event_mmap_output
               |          |          
               |           --2.04%--perf_output_copy
               |                     __output_copy
               |                     __memcpy
               |          
                --1.44%--kmalloc_trace
                          __kmem_cache_alloc_node
                          ___slab_alloc

     3.50%     0.00%  rw_us    libc.so.6             [.] ___pthread_rwlock_unlock (inlined)
            |
            ---___pthread_rwlock_unlock (inlined)
               |          
               |--1.73%--__pthread_rwlock_wrunlock (inlined)
               |          futex_wake (inlined)
               |          entry_SYSCALL_64_after_hwframe
               |          do_syscall_64
               |          __x64_sys_futex
               |          |          
               |           --1.08%--do_futex
               |                     futex_wake
               |          
                --0.56%--__pthread_rwlock_rdunlock (inlined)
                          futex_wake (inlined)
                          entry_SYSCALL_64_after_hwframe
                          do_syscall_64
                          __x64_sys_futex
                          do_futex
                          futex_wake

     3.39%     0.79%  rw_us    [kernel.vmlinux]      [k] newidle_balance
            |          
            |--2.59%--newidle_balance
            |          |          
            |          |--1.42%--load_balance
            |          |          |          
            |          |          |--0.88%--find_busiest_group
            |          |          |          update_sd_lb_stats.constprop.0
            |          |          |          |          
            |          |          |           --0.56%--idle_cpu
            |          |          |          
            |          |           --0.53%--_raw_spin_rq_lock_irqsave
            |          |                     raw_spin_rq_lock_nested
            |          |                     _raw_spin_lock
            |          |                     __pv_queued_spin_lock_slowpath
            |          |          
            |          |--0.65%--__msecs_to_jiffies
            |          |          
            |           --0.53%--update_blocked_averages
            |                     update_rq_clock
            |                     sched_clock_cpu
            |                     kvm_sched_clock_read
            |                     pvclock_clocksource_read
            |          
             --0.79%--clone3
                       start_thread

     3.39%     0.00%  rw_us    [kernel.vmlinux]      [k] pick_next_task_fair
            |
            ---pick_next_task_fair
               newidle_balance
               |          
               |--1.42%--load_balance
               |          |          
               |          |--0.88%--find_busiest_group
               |          |          update_sd_lb_stats.constprop.0
               |          |          |          
               |          |           --0.56%--idle_cpu
               |          |          
               |           --0.53%--_raw_spin_rq_lock_irqsave
               |                     raw_spin_rq_lock_nested
               |                     _raw_spin_lock
               |                     __pv_queued_spin_lock_slowpath
               |          
               |--0.65%--__msecs_to_jiffies
               |          
                --0.53%--update_blocked_averages
                          update_rq_clock
                          sched_clock_cpu
                          kvm_sched_clock_read
                          pvclock_clocksource_read

     3.26%     0.58%  rw_us    [kernel.vmlinux]      [k] x86_pmu_disable_all
            |          
            |--2.68%--x86_pmu_disable_all
            |          |          
            |           --2.50%--native_read_msr
            |          
             --0.58%--clone3
                       start_thread
                       reader_thread
                       msleep
                       usleep
                       __GI___nanosleep (inlined)
                       __GI___clock_nanosleep (inlined)
                       entry_SYSCALL_64_after_hwframe
                       do_syscall_64
                       __x64_sys_clock_nanosleep
                       common_nsleep
                       hrtimer_nanosleep
                       do_nanosleep
                       schedule
                       __schedule
                       __perf_event_task_sched_out
                       amd_pmu_disable_all
                       x86_pmu_disable_all

     3.26%     0.00%  rw_us    [kernel.vmlinux]      [k] amd_pmu_disable_all
            |
            ---amd_pmu_disable_all
               x86_pmu_disable_all
               |          
                --2.50%--native_read_msr

     3.12%     3.12%  rw_us    ld-linux-x86-64.so.2  [.] strcmp
            |          
            |--2.33%--_start
            |          _dl_start
            |          _dl_start_final (inlined)
            |          _dl_sysdep_start
            |          dl_main
            |          _dl_relocate_object
            |          elf_dynamic_do_Rela (inlined)
            |          elf_machine_rela (inlined)
            |          resolve_map (inlined)
            |          _dl_lookup_symbol_x
            |          do_lookup_x
            |          check_match
            |          strcmp
            |          
             --0.79%--clone3
                       start_thread
                       reader_thread
                       |          
                        --0.58%--_dl_runtime_resolve_xsavec
                                  _dl_fixup
                                  _dl_lookup_symbol_x
                                  do_lookup_x
                                  check_match
                                  strcmp

     3.12%     0.00%  rw_us    ld-linux-x86-64.so.2  [.] _dl_lookup_symbol_x
            |
            ---_dl_lookup_symbol_x
               do_lookup_x
               check_match
               strcmp

     3.12%     0.00%  rw_us    ld-linux-x86-64.so.2  [.] do_lookup_x
            |
            ---do_lookup_x
               check_match
               strcmp

     3.12%     0.00%  rw_us    ld-linux-x86-64.so.2  [.] check_match
            |
            ---check_match
               strcmp

     3.00%     0.00%  rw_us    [kernel.vmlinux]      [k] __x64_sys_exit
            |
            ---__x64_sys_exit
               do_exit
               |          
               |--0.90%--membarrier_update_current_mm
               |          
               |--0.86%--mm_release
               |          do_futex
               |          futex_wake
               |          wake_up_q
               |          try_to_wake_up
               |          _raw_spin_lock_irqsave
               |          
               |--0.65%--exit_signals
               |          
                --0.58%--exit_mm_release
                          futex_exit_release
                          futex_cleanup

     2.99%     0.00%  rw_us    [kernel.vmlinux]      [k] __vm_munmap
            |
            ---__vm_munmap
               do_mas_munmap
               do_mas_align_munmap
               |          
               |--1.87%--mas_preallocate
               |          mas_alloc_nodes
               |          kmem_cache_alloc
               |          __kasan_slab_alloc
               |          kasan_set_track
               |          kasan_save_stack
               |          stack_trace_save
               |          arch_stack_walk
               |          unwind_next_frame
               |          
                --1.12%--__split_vma
                          vm_area_dup
                          kmem_cache_alloc
                          ___slab_alloc

     2.96%     0.00%  rw_us    [kernel.vmlinux]      [k] hrtimer_start_range_ns
            |
            ---hrtimer_start_range_ns
               |          
               |--1.56%--enqueue_hrtimer
               |          |          
               |           --0.97%--timerqueue_add
               |          
                --1.02%--ktime_get
                          kvm_clock_get_cycles
                          pvclock_clocksource_read

     2.78%     1.14%  rw_us    [kernel.vmlinux]      [k] __rseq_handle_notify_resume
            |          
            |--1.64%--__rseq_handle_notify_resume
            |          |          
            |           --1.14%--__get_user_8
            |          
             --1.14%--clone3
                       start_thread
                       |          
                        --0.58%--reader_thread
                                  msleep
                                  usleep
                                  __GI___nanosleep (inlined)
                                  __GI___clock_nanosleep (inlined)
                                  entry_SYSCALL_64_after_hwframe
                                  do_syscall_64
                                  syscall_exit_to_user_mode
                                  exit_to_user_mode_prepare
                                  __rseq_handle_notify_resume

     2.70%     2.70%  rw_us    [kernel.vmlinux]      [k] ___slab_alloc
            |
            ---entry_SYSCALL_64_after_hwframe
               do_syscall_64
               __x64_sys_execve
               do_execveat_common.isra.0
               bprm_execve
               load_elf_binary
               |          
                --2.56%--elf_map
                          |          
                          |--1.44%--vm_mmap_pgoff
                          |          do_mmap
                          |          mmap_region
                          |          perf_event_mmap
                          |          kmalloc_trace
                          |          __kmem_cache_alloc_node
                          |          ___slab_alloc
                          |          
                           --1.12%--__vm_munmap
                                     do_mas_munmap
                                     do_mas_align_munmap
                                     __split_vma
                                     vm_area_dup
                                     kmem_cache_alloc
                                     ___slab_alloc

     2.50%     1.64%  rw_us    [kernel.vmlinux]      [k] futex_wake
            |          
            |--1.64%--clone3
            |          start_thread
            |          |          
            |          |--1.08%--writer_thread
            |          |          ___pthread_rwlock_unlock (inlined)
            |          |          __pthread_rwlock_wrunlock (inlined)
            |          |          futex_wake (inlined)
            |          |          entry_SYSCALL_64_after_hwframe
            |          |          do_syscall_64
            |          |          __x64_sys_futex
            |          |          do_futex
            |          |          futex_wake
            |          |          
            |           --0.56%--reader_thread
            |                     ___pthread_rwlock_unlock (inlined)
            |                     __pthread_rwlock_rdunlock (inlined)
            |                     futex_wake (inlined)
            |                     entry_SYSCALL_64_after_hwframe
            |                     do_syscall_64
            |                     __x64_sys_futex
            |                     do_futex
            |                     futex_wake
            |          
             --0.86%--futex_wake
                       wake_up_q
                       try_to_wake_up
                       _raw_spin_lock_irqsave

     2.50%     2.50%  rw_us    [kernel.vmlinux]      [k] native_read_msr
            |          
             --2.50%--clone3
                       start_thread
                       |          
                        --2.21%--reader_thread
                                  msleep
                                  usleep
                                  __GI___nanosleep (inlined)
                                  __GI___clock_nanosleep (inlined)
                                  entry_SYSCALL_64_after_hwframe
                                  do_syscall_64
                                  __x64_sys_clock_nanosleep
                                  common_nsleep
                                  hrtimer_nanosleep
                                  do_nanosleep
                                  schedule
                                  __schedule
                                  __perf_event_task_sched_out
                                  amd_pmu_disable_all
                                  x86_pmu_disable_all
                                  native_read_msr

     2.48%     0.00%  rw_us    [kernel.vmlinux]      [k] allocate_fake_cpuc
            |
            ---allocate_fake_cpuc
               __kasan_kmalloc
               kasan_set_track
               kasan_save_stack
               stack_trace_save
               arch_stack_walk
               unwind_next_frame
               __orc_find

     2.48%     0.00%  rw_us    [kernel.vmlinux]      [k] __kasan_kmalloc
            |
            ---__kasan_kmalloc
               kasan_set_track
               kasan_save_stack
               stack_trace_save
               arch_stack_walk
               unwind_next_frame
               __orc_find

     2.44%     0.00%  rw_us    [kernel.vmlinux]      [k] __kmem_cache_free
            |
            ---__kmem_cache_free
               __kasan_slab_free
               kasan_save_free_info
               kasan_set_track
               kasan_save_stack
               stack_trace_save
               arch_stack_walk
               unwind_next_frame

     2.41%     2.41%  rw_us    [kernel.vmlinux]      [k] _raw_spin_unlock
            |
            ---clone3
               entry_SYSCALL_64_after_hwframe
               do_syscall_64
               __do_sys_clone3
               kernel_clone
               copy_process
               sched_cgroup_fork
               _raw_spin_unlock

     2.41%     0.00%  rw_us    [kernel.vmlinux]      [k] sched_cgroup_fork
            |
            ---sched_cgroup_fork
               _raw_spin_unlock

     2.36%     2.36%  rw_us    [kernel.vmlinux]      [k] userfaultfd_unmap_complete
            |
            ---_start
               __libc_start_main_impl (inlined)
               __libc_start_call_main
               main
               __GI__IO_puts (inlined)
               _IO_new_file_xsputn (inlined)
               _IO_new_file_xsputn (inlined)
               _IO_new_file_overflow (inlined)
               __GI__IO_doallocbuf (inlined)
               __GI__IO_doallocbuf (inlined)
               __GI__IO_file_doallocate (inlined)
               __GI___libc_malloc (inlined)
               tcache_init (inlined)
               tcache_init (inlined)
               _int_malloc
               sysmalloc
               __glibc_morecore (inlined)
               __GI___sbrk (inlined)
               __brk
               entry_SYSCALL_64_after_hwframe
               do_syscall_64
               __do_sys_brk
               userfaultfd_unmap_complete

     2.36%     0.00%  rw_us    libc.so.6             [.] __GI__IO_puts (inlined)
            |
            ---__GI__IO_puts (inlined)
               _IO_new_file_xsputn (inlined)
               _IO_new_file_xsputn (inlined)
               _IO_new_file_overflow (inlined)
               __GI__IO_doallocbuf (inlined)
               __GI__IO_doallocbuf (inlined)
               __GI__IO_file_doallocate (inlined)
               __GI___libc_malloc (inlined)
               tcache_init (inlined)
               tcache_init (inlined)
               _int_malloc
               sysmalloc
               __glibc_morecore (inlined)
               __GI___sbrk (inlined)
               __brk
               entry_SYSCALL_64_after_hwframe
               do_syscall_64
               __do_sys_brk
               userfaultfd_unmap_complete

     2.36%     0.00%  rw_us    libc.so.6             [.] _IO_new_file_xsputn (inlined)
            |
            ---_IO_new_file_xsputn (inlined)
               _IO_new_file_xsputn (inlined)
               _IO_new_file_overflow (inlined)
               __GI__IO_doallocbuf (inlined)
               __GI__IO_doallocbuf (inlined)
               __GI__IO_file_doallocate (inlined)
               __GI___libc_malloc (inlined)
               tcache_init (inlined)
               tcache_init (inlined)
               _int_malloc
               sysmalloc
               __glibc_morecore (inlined)
               __GI___sbrk (inlined)
               __brk
               entry_SYSCALL_64_after_hwframe
               do_syscall_64
               __do_sys_brk
               userfaultfd_unmap_complete

     2.36%     0.00%  rw_us    libc.so.6             [.] _IO_new_file_overflow (inlined)
            |
            ---_IO_new_file_overflow (inlined)
               __GI__IO_doallocbuf (inlined)
               __GI__IO_doallocbuf (inlined)
               __GI__IO_file_doallocate (inlined)
               __GI___libc_malloc (inlined)
               tcache_init (inlined)
               tcache_init (inlined)
               _int_malloc
               sysmalloc
               __glibc_morecore (inlined)
               __GI___sbrk (inlined)
               __brk
               entry_SYSCALL_64_after_hwframe
               do_syscall_64
               __do_sys_brk
               userfaultfd_unmap_complete

     2.36%     0.00%  rw_us    libc.so.6             [.] __GI__IO_doallocbuf (inlined)
            |
            ---__GI__IO_doallocbuf (inlined)
               __GI__IO_doallocbuf (inlined)
               __GI__IO_file_doallocate (inlined)
               __GI___libc_malloc (inlined)
               tcache_init (inlined)
               tcache_init (inlined)
               _int_malloc
               sysmalloc
               __glibc_morecore (inlined)
               __GI___sbrk (inlined)
               __brk
               entry_SYSCALL_64_after_hwframe
               do_syscall_64
               __do_sys_brk
               userfaultfd_unmap_complete

     2.36%     0.00%  rw_us    libc.so.6             [.] __GI__IO_file_doallocate (inlined)
            |
            ---__GI__IO_file_doallocate (inlined)
               __GI___libc_malloc (inlined)
               tcache_init (inlined)
               tcache_init (inlined)
               _int_malloc
               sysmalloc
               __glibc_morecore (inlined)
               __GI___sbrk (inlined)
               __brk
               entry_SYSCALL_64_after_hwframe
               do_syscall_64
               __do_sys_brk
               userfaultfd_unmap_complete

     2.36%     0.00%  rw_us    libc.so.6             [.] __GI___libc_malloc (inlined)
            |
            ---__GI___libc_malloc (inlined)
               tcache_init (inlined)
               tcache_init (inlined)
               _int_malloc
               sysmalloc
               __glibc_morecore (inlined)
               __GI___sbrk (inlined)
               __brk
               entry_SYSCALL_64_after_hwframe
               do_syscall_64
               __do_sys_brk
               userfaultfd_unmap_complete

     2.36%     0.00%  rw_us    libc.so.6             [.] tcache_init (inlined)
            |
            ---tcache_init (inlined)
               tcache_init (inlined)
               _int_malloc
               sysmalloc
               __glibc_morecore (inlined)
               __GI___sbrk (inlined)
               __brk
               entry_SYSCALL_64_after_hwframe
               do_syscall_64
               __do_sys_brk
               userfaultfd_unmap_complete

     2.36%     0.00%  rw_us    libc.so.6             [.] tcache_init (inlined)
            |
            ---tcache_init (inlined)
               _int_malloc
               sysmalloc
               __glibc_morecore (inlined)
               __GI___sbrk (inlined)
               __brk
               entry_SYSCALL_64_after_hwframe
               do_syscall_64
               __do_sys_brk
               userfaultfd_unmap_complete

     2.36%     0.00%  rw_us    libc.so.6             [.] _int_malloc
            |
            ---_int_malloc
               sysmalloc
               __glibc_morecore (inlined)
               __GI___sbrk (inlined)
               __brk
               entry_SYSCALL_64_after_hwframe
               do_syscall_64
               __do_sys_brk
               userfaultfd_unmap_complete

     2.36%     0.00%  rw_us    libc.so.6             [.] sysmalloc
            |
            ---sysmalloc
               __glibc_morecore (inlined)
               __GI___sbrk (inlined)
               __brk
               entry_SYSCALL_64_after_hwframe
               do_syscall_64
               __do_sys_brk
               userfaultfd_unmap_complete

     2.36%     0.00%  rw_us    libc.so.6             [.] __glibc_morecore (inlined)
            |
            ---__glibc_morecore (inlined)
               __GI___sbrk (inlined)
               __brk
               entry_SYSCALL_64_after_hwframe
               do_syscall_64
               __do_sys_brk
               userfaultfd_unmap_complete

     2.36%     0.00%  rw_us    libc.so.6             [.] __GI___sbrk (inlined)
            |
            ---__GI___sbrk (inlined)
               __brk
               entry_SYSCALL_64_after_hwframe
               do_syscall_64
               __do_sys_brk
               userfaultfd_unmap_complete

     2.36%     0.00%  rw_us    libc.so.6             [.] __brk
            |
            ---__brk
               entry_SYSCALL_64_after_hwframe
               do_syscall_64
               __do_sys_brk
               userfaultfd_unmap_complete

     2.36%     0.00%  rw_us    [kernel.vmlinux]      [k] __do_sys_brk
            |
            ---__do_sys_brk
               userfaultfd_unmap_complete

     2.33%     0.00%  rw_us    ld-linux-x86-64.so.2  [.] _dl_relocate_object
            |
            ---_dl_relocate_object
               elf_dynamic_do_Rela (inlined)
               elf_machine_rela (inlined)
               resolve_map (inlined)
               _dl_lookup_symbol_x
               do_lookup_x
               check_match
               strcmp

     2.33%     0.00%  rw_us    ld-linux-x86-64.so.2  [.] elf_dynamic_do_Rela (inlined)
            |
            ---elf_dynamic_do_Rela (inlined)
               elf_machine_rela (inlined)
               resolve_map (inlined)
               _dl_lookup_symbol_x
               do_lookup_x
               check_match
               strcmp

     2.33%     0.00%  rw_us    ld-linux-x86-64.so.2  [.] elf_machine_rela (inlined)
            |
            ---elf_machine_rela (inlined)
               resolve_map (inlined)
               _dl_lookup_symbol_x
               do_lookup_x
               check_match
               strcmp

     2.33%     0.00%  rw_us    ld-linux-x86-64.so.2  [.] resolve_map (inlined)
            |
            ---resolve_map (inlined)
               _dl_lookup_symbol_x
               do_lookup_x
               check_match
               strcmp

     2.32%     2.32%  rw_us    [kernel.vmlinux]      [k] pvclock_clocksource_read
            |
            ---clone3
               start_thread
               |          
                --2.07%--reader_thread
                          msleep
                          usleep
                          __GI___nanosleep (inlined)
                          __GI___clock_nanosleep (inlined)
                          entry_SYSCALL_64_after_hwframe
                          do_syscall_64
                          __x64_sys_clock_nanosleep
                          common_nsleep
                          hrtimer_nanosleep
                          do_nanosleep
                          |          
                          |--1.05%--schedule
                          |          __schedule
                          |          |          
                          |          |--0.53%--pick_next_task_fair
                          |          |          newidle_balance
                          |          |          update_blocked_averages
                          |          |          update_rq_clock
                          |          |          sched_clock_cpu
                          |          |          kvm_sched_clock_read
                          |          |          pvclock_clocksource_read
                          |          |          
                          |           --0.52%--psi_task_switch
                          |                     psi_group_change
                          |                     sched_clock_cpu
                          |                     kvm_sched_clock_read
                          |                     pvclock_clocksource_read
                          |          
                           --1.02%--hrtimer_start_range_ns
                                     ktime_get
                                     kvm_clock_get_cycles
                                     pvclock_clocksource_read

     2.29%     0.00%  rw_us    libc.so.6             [.] futex_wake (inlined)
            |
            ---futex_wake (inlined)
               entry_SYSCALL_64_after_hwframe
               do_syscall_64
               __x64_sys_futex
               |          
                --1.64%--do_futex
                          futex_wake

     2.25%     0.00%  rw_us    ld-linux-x86-64.so.2  [.] init_tls
            |
            ---init_tls
               _dl_allocate_tls_storage
               malloc (inlined)
               __minimal_malloc
               __mmap64 (inlined)
               __mmap64 (inlined)
               entry_SYSCALL_64_after_hwframe
               do_syscall_64
               vm_mmap_pgoff
               do_mmap
               mmap_region
               mas_store_prealloc
               mas_destroy
               kmem_cache_free_bulk.part.0
               __kasan_slab_free
               kasan_save_free_info
               kasan_set_track
               kasan_save_stack
               stack_trace_save
               arch_stack_walk
               unwind_next_frame
               __orc_find

     2.25%     0.00%  rw_us    ld-linux-x86-64.so.2  [.] _dl_allocate_tls_storage
            |
            ---_dl_allocate_tls_storage
               malloc (inlined)
               __minimal_malloc
               __mmap64 (inlined)
               __mmap64 (inlined)
               entry_SYSCALL_64_after_hwframe
               do_syscall_64
               vm_mmap_pgoff
               do_mmap
               mmap_region
               mas_store_prealloc
               mas_destroy
               kmem_cache_free_bulk.part.0
               __kasan_slab_free
               kasan_save_free_info
               kasan_set_track
               kasan_save_stack
               stack_trace_save
               arch_stack_walk
               unwind_next_frame
               __orc_find

     2.25%     0.00%  rw_us    ld-linux-x86-64.so.2  [.] malloc (inlined)
            |
            ---malloc (inlined)
               __minimal_malloc
               __mmap64 (inlined)
               __mmap64 (inlined)
               entry_SYSCALL_64_after_hwframe
               do_syscall_64
               vm_mmap_pgoff
               do_mmap
               mmap_region
               mas_store_prealloc
               mas_destroy
               kmem_cache_free_bulk.part.0
               __kasan_slab_free
               kasan_save_free_info
               kasan_set_track
               kasan_save_stack
               stack_trace_save
               arch_stack_walk
               unwind_next_frame
               __orc_find

     2.25%     0.00%  rw_us    ld-linux-x86-64.so.2  [.] __minimal_malloc
            |
            ---__minimal_malloc
               __mmap64 (inlined)
               __mmap64 (inlined)
               entry_SYSCALL_64_after_hwframe
               do_syscall_64
               vm_mmap_pgoff
               do_mmap
               mmap_region
               mas_store_prealloc
               mas_destroy
               kmem_cache_free_bulk.part.0
               __kasan_slab_free
               kasan_save_free_info
               kasan_set_track
               kasan_save_stack
               stack_trace_save
               arch_stack_walk
               unwind_next_frame
               __orc_find

     2.23%     1.21%  rw_us    libc.so.6             [.] __vfprintf_internal
            |          
            |--1.21%--clone3
            |          start_thread
            |          |          
            |          |--0.70%--writer_thread
            |          |          __printf (inlined)
            |          |          __vfprintf_internal
            |          |          
            |           --0.52%--reader_thread
            |                     __printf (inlined)
            |                     __vfprintf_internal
            |                     outstring_func (inlined)
            |                     done_add_func (inlined)
            |          
             --1.01%--__vfprintf_internal
                       __find_specmb (inlined)
                       __strchrnul_avx2

     2.23%     0.00%  rw_us    libc.so.6             [.] __printf (inlined)
            |
            ---__printf (inlined)
               __vfprintf_internal
               |          
               |--1.01%--__find_specmb (inlined)
               |          __strchrnul_avx2
               |          
                --0.52%--outstring_func (inlined)
                          done_add_func (inlined)

     2.22%     0.00%  rw_us    [kernel.vmlinux]      [k] vma_expand
            |
            ---vma_expand
               mas_store_prealloc
               mas_destroy
               kmem_cache_free
               __kasan_slab_free
               kasan_save_free_info
               kasan_set_track
               kasan_save_stack
               stack_trace_save
               arch_stack_walk
               unwind_next_frame

     2.20%     2.20%  rw_us    [kernel.vmlinux]      [k] mas_empty_area_rev
            |
            ---_start
               __libc_start_main_impl (inlined)
               __libc_start_call_main
               main
               __pthread_create_2_1 (inlined)
               allocate_stack (inlined)
               __GI___mmap64 (inlined)
               __GI___mmap64 (inlined)
               entry_SYSCALL_64_after_hwframe
               do_syscall_64
               vm_mmap_pgoff
               do_mmap
               get_unmapped_area
               arch_get_unmapped_area_topdown
               vm_unmapped_area
               mas_empty_area_rev

     2.20%     0.00%  rw_us    [kernel.vmlinux]      [k] get_unmapped_area
            |
            ---get_unmapped_area
               arch_get_unmapped_area_topdown
               vm_unmapped_area
               mas_empty_area_rev

     2.20%     0.00%  rw_us    [kernel.vmlinux]      [k] arch_get_unmapped_area_topdown
            |
            ---arch_get_unmapped_area_topdown
               vm_unmapped_area
               mas_empty_area_rev

     2.20%     0.00%  rw_us    [kernel.vmlinux]      [k] vm_unmapped_area
            |
            ---vm_unmapped_area
               mas_empty_area_rev

     2.09%     0.00%  rw_us    [kernel.vmlinux]      [k] perf_iterate_sb
            |
            ---perf_iterate_sb
               perf_iterate_ctx
               perf_event_mmap_output
               |          
                --2.04%--perf_output_copy
                          __output_copy
                          __memcpy

     2.09%     0.00%  rw_us    [kernel.vmlinux]      [k] perf_iterate_ctx
            |
            ---perf_iterate_ctx
               perf_event_mmap_output
               |          
                --2.04%--perf_output_copy
                          __output_copy
                          __memcpy

     2.09%     0.00%  rw_us    [kernel.vmlinux]      [k] perf_event_mmap_output
            |
            ---perf_event_mmap_output
               |          
                --2.04%--perf_output_copy
                          __output_copy
                          __memcpy

     2.09%     0.00%  rw_us    [kernel.vmlinux]      [k] perf_output_copy
            |
            ---perf_output_copy
               __output_copy
               |          
                --2.04%--__memcpy

     2.09%     0.00%  rw_us    [kernel.vmlinux]      [k] __output_copy
            |
            ---__output_copy
               |          
                --2.04%--__memcpy

     2.09%     2.09%  rw_us    [kernel.vmlinux]      [k] kasan_check_range
            |          
             --1.97%--_start
                       __libc_start_main_impl (inlined)
                       __libc_start_call_main
                       main
                       __pthread_create_2_1 (inlined)
                       allocate_stack (inlined)
                       __GI___mmap64 (inlined)
                       __GI___mmap64 (inlined)
                       entry_SYSCALL_64_after_hwframe
                       do_syscall_64
                       vm_mmap_pgoff
                       down_write_killable
                       rwsem_down_write_slowpath
                       kasan_check_range

     2.05%     0.00%  rw_us    [kernel.vmlinux]      [k] setup_arg_pages
            |          
             --2.05%--setup_arg_pages
                       |          
                       |--1.06%--shift_arg_pages
                       |          |          
                       |           --0.57%--move_page_tables
                       |                     flush_tlb_mm_range
                       |                     flush_tlb_func
                       |                     native_flush_tlb_one_user
                       |          
                        --0.92%--expand_downwards
                                  mas_store_prealloc
                                  mas_destroy
                                  kmem_cache_free
                                  __kasan_slab_free
                                  kasan_save_free_info
                                  kasan_set_track
                                  kasan_save_stack
                                  stack_trace_save
                                  arch_stack_walk
                                  unwind_next_frame

     2.04%     2.04%  rw_us    [kernel.vmlinux]      [k] __memcpy
            |
            ---_start
               __libc_start_main_impl (inlined)
               __libc_start_call_main
               main
               __pthread_create_2_1 (inlined)
               allocate_stack (inlined)
               setup_stack_prot (inlined)
               __GI_mprotect (inlined)
               entry_SYSCALL_64_after_hwframe
               do_syscall_64
               __x64_sys_mprotect
               do_mprotect_pkey
               mprotect_fixup
               perf_event_mmap
               perf_iterate_sb
               perf_iterate_ctx
               perf_event_mmap_output
               perf_output_copy
               __output_copy
               __memcpy

     2.00%     0.00%  rw_us    [kernel.vmlinux]      [k] kmem_cache_alloc_node
            |
            ---kmem_cache_alloc_node
               __kasan_slab_alloc
               kasan_set_track
               kasan_save_stack
               stack_trace_save
               arch_stack_walk
               unwind_next_frame
               orc_find.part.0

     1.97%     0.00%  rw_us    [kernel.vmlinux]      [k] down_write_killable
            |
            ---down_write_killable
               rwsem_down_write_slowpath
               kasan_check_range

     1.97%     0.00%  rw_us    [kernel.vmlinux]      [k] rwsem_down_write_slowpath
            |
            ---rwsem_down_write_slowpath
               kasan_check_range

     1.94%     0.00%  rw_us    ld-linux-x86-64.so.2  [.] _dl_load_cache_lookup
            |
            ---_dl_load_cache_lookup
               _dl_sysdep_read_whole_file
               __mmap64 (inlined)
               __mmap64 (inlined)
               entry_SYSCALL_64_after_hwframe
               do_syscall_64
               ksys_mmap_pgoff
               vm_mmap_pgoff
               do_mmap
               mmap_region
               mas_preallocate
               mas_alloc_nodes
               kmem_cache_alloc
               __kasan_slab_alloc
               kasan_set_track
               kasan_save_stack
               stack_trace_save
               arch_stack_walk

     1.94%     0.00%  rw_us    ld-linux-x86-64.so.2  [.] _dl_sysdep_read_whole_file
            |
            ---_dl_sysdep_read_whole_file
               __mmap64 (inlined)
               __mmap64 (inlined)
               entry_SYSCALL_64_after_hwframe
               do_syscall_64
               ksys_mmap_pgoff
               vm_mmap_pgoff
               do_mmap
               mmap_region
               mas_preallocate
               mas_alloc_nodes
               kmem_cache_alloc
               __kasan_slab_alloc
               kasan_set_track
               kasan_save_stack
               stack_trace_save
               arch_stack_walk

     1.89%     0.00%  rw_us    [kernel.vmlinux]      [k] __mt_destroy
            |
            ---__mt_destroy
               mt_destroy_walk.isra.0
               kmem_cache_free_bulk.part.0
               __kasan_slab_free
               kasan_save_free_info
               kasan_set_track
               kasan_save_stack

     1.89%     0.00%  rw_us    [kernel.vmlinux]      [k] mt_destroy_walk.isra.0
            |
            ---mt_destroy_walk.isra.0
               kmem_cache_free_bulk.part.0
               __kasan_slab_free
               kasan_save_free_info
               kasan_set_track
               kasan_save_stack

     1.87%     1.87%  rw_us    [kernel.vmlinux]      [k] current_time
            |
            ---_start
               __libc_start_main_impl (inlined)
               __libc_start_call_main
               __GI_exit (inlined)
               __run_exit_handlers
               _IO_cleanup
               _IO_flush_all_lockp
               _IO_new_do_write (inlined)
               new_do_write
               _IO_new_file_write (inlined)
               __GI___libc_write
               __GI___libc_write
               entry_SYSCALL_64_after_hwframe
               do_syscall_64
               ksys_write
               vfs_write
               pipe_write
               file_update_time
               current_time

     1.87%     0.00%  rw_us    libc.so.6             [.] __GI_exit (inlined)
            |
            ---__GI_exit (inlined)
               __run_exit_handlers
               _IO_cleanup
               _IO_flush_all_lockp
               _IO_new_do_write (inlined)
               new_do_write
               _IO_new_file_write (inlined)
               __GI___libc_write
               __GI___libc_write
               entry_SYSCALL_64_after_hwframe
               do_syscall_64
               ksys_write
               vfs_write
               pipe_write
               file_update_time
               current_time

     1.87%     0.00%  rw_us    libc.so.6             [.] __GI_munmap (inlined)
            |
            ---__GI_munmap (inlined)
               entry_SYSCALL_64_after_hwframe
               do_syscall_64
               __x64_sys_munmap
               __vm_munmap
               do_mas_munmap
               do_mas_align_munmap
               mas_preallocate
               mas_alloc_nodes
               kmem_cache_alloc
               __kasan_slab_alloc
               kasan_set_track
               kasan_save_stack
               stack_trace_save
               arch_stack_walk
               unwind_next_frame

     1.87%     0.00%  rw_us    libc.so.6             [.] __run_exit_handlers
            |
            ---__run_exit_handlers
               _IO_cleanup
               _IO_flush_all_lockp
               _IO_new_do_write (inlined)
               new_do_write
               _IO_new_file_write (inlined)
               __GI___libc_write
               __GI___libc_write
               entry_SYSCALL_64_after_hwframe
               do_syscall_64
               ksys_write
               vfs_write
               pipe_write
               file_update_time
               current_time

     1.87%     0.00%  rw_us    libc.so.6             [.] _IO_cleanup
            |
            ---_IO_cleanup
               _IO_flush_all_lockp
               _IO_new_do_write (inlined)
               new_do_write
               _IO_new_file_write (inlined)
               __GI___libc_write
               __GI___libc_write
               entry_SYSCALL_64_after_hwframe
               do_syscall_64
               ksys_write
               vfs_write
               pipe_write
               file_update_time
               current_time

     1.87%     0.00%  rw_us    [kernel.vmlinux]      [k] __x64_sys_munmap
            |
            ---__x64_sys_munmap
               __vm_munmap
               do_mas_munmap
               do_mas_align_munmap
               mas_preallocate
               mas_alloc_nodes
               kmem_cache_alloc
               __kasan_slab_alloc
               kasan_set_track
               kasan_save_stack
               stack_trace_save
               arch_stack_walk
               unwind_next_frame

     1.87%     0.00%  rw_us    libc.so.6             [.] _IO_flush_all_lockp
            |
            ---_IO_flush_all_lockp
               _IO_new_do_write (inlined)
               new_do_write
               _IO_new_file_write (inlined)
               __GI___libc_write
               __GI___libc_write
               entry_SYSCALL_64_after_hwframe
               do_syscall_64
               ksys_write
               vfs_write
               pipe_write
               file_update_time
               current_time

     1.87%     0.00%  rw_us    libc.so.6             [.] _IO_new_do_write (inlined)
            |
            ---_IO_new_do_write (inlined)
               new_do_write
               _IO_new_file_write (inlined)
               __GI___libc_write
               __GI___libc_write
               entry_SYSCALL_64_after_hwframe
               do_syscall_64
               ksys_write
               vfs_write
               pipe_write
               file_update_time
               current_time

     1.87%     0.00%  rw_us    libc.so.6             [.] new_do_write
            |
            ---new_do_write
               _IO_new_file_write (inlined)
               __GI___libc_write
               __GI___libc_write
               entry_SYSCALL_64_after_hwframe
               do_syscall_64
               ksys_write
               vfs_write
               pipe_write
               file_update_time
               current_time

     1.87%     0.00%  rw_us    libc.so.6             [.] _IO_new_file_write (inlined)
            |
            ---_IO_new_file_write (inlined)
               __GI___libc_write
               __GI___libc_write
               entry_SYSCALL_64_after_hwframe
               do_syscall_64
               ksys_write
               vfs_write
               pipe_write
               file_update_time
               current_time

     1.87%     0.00%  rw_us    [kernel.vmlinux]      [k] free_pgtables
            |
            ---free_pgtables
               unlink_anon_vmas
               kmem_cache_free
               __kasan_slab_free
               kasan_save_free_info
               kasan_set_track
               kasan_save_stack
               stack_trace_save
               arch_stack_walk

     1.87%     0.00%  rw_us    libc.so.6             [.] __GI___libc_write
            |
            ---__GI___libc_write
               __GI___libc_write
               entry_SYSCALL_64_after_hwframe
               do_syscall_64
               ksys_write
               vfs_write
               pipe_write
               file_update_time
               current_time

     1.87%     0.00%  rw_us    [kernel.vmlinux]      [k] unlink_anon_vmas
            |
            ---unlink_anon_vmas
               kmem_cache_free
               __kasan_slab_free
               kasan_save_free_info
               kasan_set_track
               kasan_save_stack
               stack_trace_save
               arch_stack_walk

     1.87%     0.00%  rw_us    [kernel.vmlinux]      [k] ksys_write
            |
            ---ksys_write
               vfs_write
               pipe_write
               file_update_time
               current_time

     1.87%     0.00%  rw_us    [kernel.vmlinux]      [k] vfs_write
            |
            ---vfs_write
               pipe_write
               file_update_time
               current_time

     1.87%     0.00%  rw_us    [kernel.vmlinux]      [k] pipe_write
            |
            ---pipe_write
               file_update_time
               current_time

     1.87%     0.00%  rw_us    [kernel.vmlinux]      [k] file_update_time
            |
            ---file_update_time
               current_time

     1.87%     1.10%  rw_us    [kernel.vmlinux]      [k] psi_group_change
            |          
            |--1.10%--clone3
            |          start_thread
            |          writer_thread
            |          msleep
            |          usleep
            |          __GI___nanosleep (inlined)
            |          __GI___clock_nanosleep (inlined)
            |          entry_SYSCALL_64_after_hwframe
            |          do_syscall_64
            |          __x64_sys_clock_nanosleep
            |          common_nsleep
            |          hrtimer_nanosleep
            |          do_nanosleep
            |          schedule
            |          __schedule
            |          psi_task_switch
            |          psi_group_change
            |          
             --0.77%--psi_group_change
                       sched_clock_cpu
                       kvm_sched_clock_read
                       pvclock_clocksource_read

     1.87%     0.00%  rw_us    [kernel.vmlinux]      [k] psi_task_switch
            |
            ---psi_task_switch
               psi_group_change
               |          
                --0.77%--sched_clock_cpu
                          kvm_sched_clock_read
                          pvclock_clocksource_read

     1.80%     1.80%  rw_us    [kernel.vmlinux]      [k] __srcu_read_lock
            |
            ---_start
               entry_SYSCALL_64_after_hwframe
               do_syscall_64
               syscall_exit_to_user_mode
               exit_to_user_mode_prepare
               task_work_run
               __fput
               __dentry_kill
               evict
               destroy_inode
               __destroy_inode
               fsnotify_destroy_marks
               fsnotify_grab_connector
               __srcu_read_lock

     1.80%     0.00%  rw_us    [kernel.vmlinux]      [k] task_work_run
            |
            ---task_work_run
               __fput
               __dentry_kill
               evict
               destroy_inode
               __destroy_inode
               fsnotify_destroy_marks
               fsnotify_grab_connector
               __srcu_read_lock

     1.80%     0.00%  rw_us    [kernel.vmlinux]      [k] __fput
            |
            ---__fput
               __dentry_kill
               evict
               destroy_inode
               __destroy_inode
               fsnotify_destroy_marks
               fsnotify_grab_connector
               __srcu_read_lock

     1.80%     0.00%  rw_us    [kernel.vmlinux]      [k] __dentry_kill
            |
            ---__dentry_kill
               evict
               destroy_inode
               __destroy_inode
               fsnotify_destroy_marks
               fsnotify_grab_connector
               __srcu_read_lock

     1.80%     0.00%  rw_us    [kernel.vmlinux]      [k] evict
            |
            ---evict
               destroy_inode
               __destroy_inode
               fsnotify_destroy_marks
               fsnotify_grab_connector
               __srcu_read_lock

     1.80%     0.00%  rw_us    [kernel.vmlinux]      [k] destroy_inode
            |
            ---destroy_inode
               __destroy_inode
               fsnotify_destroy_marks
               fsnotify_grab_connector
               __srcu_read_lock

     1.80%     0.00%  rw_us    [kernel.vmlinux]      [k] __destroy_inode
            |
            ---__destroy_inode
               fsnotify_destroy_marks
               fsnotify_grab_connector
               __srcu_read_lock

     1.80%     0.00%  rw_us    [kernel.vmlinux]      [k] fsnotify_destroy_marks
            |
            ---fsnotify_destroy_marks
               fsnotify_grab_connector
               __srcu_read_lock

     1.80%     0.00%  rw_us    [kernel.vmlinux]      [k] fsnotify_grab_connector
            |
            ---fsnotify_grab_connector
               __srcu_read_lock

     1.73%     0.00%  rw_us    libc.so.6             [.] __pthread_rwlock_wrunlock (inlined)
            |
            ---__pthread_rwlock_wrunlock (inlined)
               futex_wake (inlined)
               entry_SYSCALL_64_after_hwframe
               do_syscall_64
               __x64_sys_futex
               |          
                --1.08%--do_futex
                          futex_wake

     1.63%     1.63%  rw_us    [kernel.vmlinux]      [k] unwind_get_return_address
            |
            ---entry_SYSCALL_64_after_hwframe
               do_syscall_64
               __x64_sys_execve
               do_execveat_common.isra.0
               bprm_execve
               load_elf_binary
               elf_map
               vm_mmap_pgoff
               do_mmap
               mmap_region
               mas_store_prealloc
               mas_destroy
               kmem_cache_free
               __kasan_slab_free
               kasan_save_free_info
               kasan_set_track
               kasan_save_stack
               stack_trace_save
               arch_stack_walk
               unwind_get_return_address

     1.56%     0.59%  rw_us    [kernel.vmlinux]      [k] enqueue_hrtimer
            |          
            |--0.97%--enqueue_hrtimer
            |          timerqueue_add
            |          
             --0.59%--clone3
                       start_thread
                       reader_thread
                       msleep
                       usleep
                       __GI___nanosleep (inlined)
                       __GI___clock_nanosleep (inlined)
                       entry_SYSCALL_64_after_hwframe
                       do_syscall_64
                       __x64_sys_clock_nanosleep
                       common_nsleep
                       hrtimer_nanosleep
                       do_nanosleep
                       hrtimer_start_range_ns
                       enqueue_hrtimer

     1.49%     0.38%  rw_us    [kernel.vmlinux]      [k] try_to_wake_up
            |          
             --1.11%--try_to_wake_up
                       |          
                        --0.86%--_raw_spin_lock_irqsave

     1.48%     1.48%  rw_us    [kernel.vmlinux]      [k] cpuacct_charge
            |
            ---clone3
               start_thread
               writer_thread
               msleep
               usleep
               __GI___nanosleep (inlined)
               __GI___clock_nanosleep (inlined)
               entry_SYSCALL_64_after_hwframe
               do_syscall_64
               __x64_sys_clock_nanosleep
               common_nsleep
               hrtimer_nanosleep
               do_nanosleep
               schedule
               __schedule
               dequeue_task_fair
               dequeue_entity
               update_curr
               cpuacct_charge

     1.44%     0.00%  rw_us    [kernel.vmlinux]      [k] kmalloc_trace
            |
            ---kmalloc_trace
               __kmem_cache_alloc_node
               ___slab_alloc

     1.44%     0.00%  rw_us    [kernel.vmlinux]      [k] __kmem_cache_alloc_node
            |
            ---__kmem_cache_alloc_node
               ___slab_alloc

     1.42%     0.00%  rw_us    [kernel.vmlinux]      [k] load_balance
            |
            ---load_balance
               |          
               |--0.88%--find_busiest_group
               |          update_sd_lb_stats.constprop.0
               |          |          
               |           --0.56%--idle_cpu
               |          
                --0.53%--_raw_spin_rq_lock_irqsave
                          raw_spin_rq_lock_nested
                          _raw_spin_lock
                          __pv_queued_spin_lock_slowpath

     1.39%     0.86%  rw_us    [kernel.vmlinux]      [k] update_rq_clock
            |          
            |--0.86%--clone3
            |          start_thread
            |          reader_thread
            |          msleep
            |          usleep
            |          __GI___nanosleep (inlined)
            |          __GI___clock_nanosleep (inlined)
            |          entry_SYSCALL_64_after_hwframe
            |          do_syscall_64
            |          __x64_sys_clock_nanosleep
            |          common_nsleep
            |          hrtimer_nanosleep
            |          do_nanosleep
            |          schedule
            |          __schedule
            |          update_rq_clock
            |          
             --0.53%--update_rq_clock
                       sched_clock_cpu
                       kvm_sched_clock_read
                       pvclock_clocksource_read

     1.39%     0.80%  rw_us    [kernel.vmlinux]      [k] switch_fpu_return
            |          
            |--0.80%--clone3
            |          start_thread
            |          |          
            |           --0.52%--reader_thread
            |                     msleep
            |                     usleep
            |                     __GI___nanosleep (inlined)
            |                     __GI___clock_nanosleep (inlined)
            |                     entry_SYSCALL_64_after_hwframe
            |                     do_syscall_64
            |                     syscall_exit_to_user_mode
            |                     exit_to_user_mode_prepare
            |                     switch_fpu_return
            |          
             --0.58%--switch_fpu_return
                       restore_fpregs_from_fpstate

     1.38%     1.38%  rw_us    [kernel.vmlinux]      [k] __calc_delta
            |
            ---clone3
               start_thread
               writer_thread
               ___pthread_rwlock_wrlock (inlined)
               __pthread_rwlock_wrlock_full64 (inlined)
               __futex_abstimed_wait_common
               entry_SYSCALL_64_after_hwframe
               do_syscall_64
               __x64_sys_futex
               do_futex
               futex_wait
               futex_wait_queue
               schedule
               __schedule
               dequeue_task_fair
               dequeue_entity
               update_curr
               __calc_delta

     1.33%     0.00%  rw_us    [kernel.vmlinux]      [k] wake_up_q
            |
            ---wake_up_q
               try_to_wake_up
               |          
                --0.86%--_raw_spin_lock_irqsave

     1.31%     1.15%  rw_us    [kernel.vmlinux]      [k] x64_sys_call
            |          
             --1.15%--clone3
                       start_thread
                       |          
                        --1.10%--writer_thread
                                  msleep
                                  usleep
                                  __GI___nanosleep (inlined)
                                  __GI___clock_nanosleep (inlined)
                                  entry_SYSCALL_64_after_hwframe
                                  do_syscall_64
                                  x64_sys_call

     1.30%     0.00%  rw_us    [kernel.vmlinux]      [k] sched_clock_cpu
            |
            ---sched_clock_cpu
               kvm_sched_clock_read
               pvclock_clocksource_read

     1.30%     0.00%  rw_us    [kernel.vmlinux]      [k] kvm_sched_clock_read
            |
            ---kvm_sched_clock_read
               pvclock_clocksource_read

     1.21%     1.21%  rw_us    libc.so.6             [.] pthread_rwlock_unlock@@GLIBC_2.34
            |
            ---clone3
               start_thread
               |          
               |--0.70%--writer_thread
               |          ___pthread_rwlock_unlock (inlined)
               |          
                --0.52%--reader_thread
                          ___pthread_rwlock_unlock (inlined)

     1.14%     1.14%  rw_us    [kernel.vmlinux]      [k] __get_user_8
            |
            ---clone3
               start_thread
               reader_thread
               msleep
               usleep
               __GI___nanosleep (inlined)
               __GI___clock_nanosleep (inlined)
               entry_SYSCALL_64_after_hwframe
               do_syscall_64
               syscall_exit_to_user_mode
               exit_to_user_mode_prepare
               __rseq_handle_notify_resume
               __get_user_8

     1.12%     0.00%  rw_us    [kernel.vmlinux]      [k] vm_area_dup
            |
            ---vm_area_dup
               kmem_cache_alloc
               ___slab_alloc

     1.09%     1.09%  rw_us    [kernel.vmlinux]      [k] cgroup_rstat_updated
            |
            ---clone3
               start_thread
               |          
               |--0.59%--reader_thread
               |          msleep
               |          usleep
               |          __GI___nanosleep (inlined)
               |          __GI___clock_nanosleep (inlined)
               |          entry_SYSCALL_64_after_hwframe
               |          do_syscall_64
               |          __x64_sys_clock_nanosleep
               |          common_nsleep
               |          hrtimer_nanosleep
               |          do_nanosleep
               |          schedule
               |          __schedule
               |          dequeue_task_fair
               |          dequeue_entity
               |          update_curr
               |          __cgroup_account_cputime
               |          cgroup_rstat_updated
               |          
                --0.51%--writer_thread
                          ___pthread_rwlock_wrlock (inlined)
                          __pthread_rwlock_wrlock_full64 (inlined)
                          __futex_abstimed_wait_common
                          entry_SYSCALL_64_after_hwframe
                          do_syscall_64
                          __x64_sys_futex
                          do_futex
                          futex_wait
                          futex_wait_queue
                          schedule
                          __schedule
                          dequeue_task_fair
                          dequeue_entity
                          update_curr
                          __cgroup_account_cputime
                          cgroup_rstat_updated

     1.09%     0.00%  rw_us    [kernel.vmlinux]      [k] __cgroup_account_cputime
            |
            ---__cgroup_account_cputime
               cgroup_rstat_updated

     1.06%     0.00%  rw_us    [kernel.vmlinux]      [k] shift_arg_pages
            |
            ---shift_arg_pages
               |          
                --0.57%--move_page_tables
                          flush_tlb_mm_range
                          flush_tlb_func
                          native_flush_tlb_one_user

     1.02%     0.00%  rw_us    [kernel.vmlinux]      [k] ktime_get
            |
            ---ktime_get
               kvm_clock_get_cycles
               pvclock_clocksource_read

     1.02%     0.00%  rw_us    [kernel.vmlinux]      [k] kvm_clock_get_cycles
            |
            ---kvm_clock_get_cycles
               pvclock_clocksource_read

     1.01%     1.01%  rw_us    libc.so.6             [.] __strchrnul_avx2
            |
            ---clone3
               start_thread
               reader_thread
               __printf (inlined)
               __vfprintf_internal
               __find_specmb (inlined)
               __strchrnul_avx2

     1.01%     0.00%  rw_us    libc.so.6             [.] __find_specmb (inlined)
            |
            ---__find_specmb (inlined)
               __strchrnul_avx2

     0.97%     0.59%  rw_us    [kernel.vmlinux]      [k] timerqueue_add
            |          
             --0.59%--clone3
                       start_thread
                       reader_thread
                       msleep
                       usleep
                       __GI___nanosleep (inlined)
                       __GI___clock_nanosleep (inlined)
                       entry_SYSCALL_64_after_hwframe
                       do_syscall_64
                       __x64_sys_clock_nanosleep
                       common_nsleep
                       hrtimer_nanosleep
                       do_nanosleep
                       hrtimer_start_range_ns
                       enqueue_hrtimer
                       timerqueue_add

     0.92%     0.00%  rw_us    [kernel.vmlinux]      [k] expand_downwards
            |
            ---expand_downwards
               mas_store_prealloc
               mas_destroy
               kmem_cache_free
               __kasan_slab_free
               kasan_save_free_info
               kasan_set_track
               kasan_save_stack
               stack_trace_save
               arch_stack_walk
               unwind_next_frame

     0.90%     0.90%  rw_us    [kernel.vmlinux]      [k] membarrier_update_current_mm
            |
            ---entry_SYSCALL_64_after_hwframe
               do_syscall_64
               __x64_sys_exit
               do_exit
               membarrier_update_current_mm

     0.88%     0.33%  rw_us    [kernel.vmlinux]      [k] update_sd_lb_stats.constprop.0
            |          
             --0.56%--update_sd_lb_stats.constprop.0
                       idle_cpu

     0.88%     0.00%  rw_us    [kernel.vmlinux]      [k] find_busiest_group
            |
            ---find_busiest_group
               update_sd_lb_stats.constprop.0
               |          
                --0.56%--idle_cpu

     0.86%     0.86%  rw_us    [kernel.vmlinux]      [k] _raw_spin_lock_irqsave
            |
            ---clone3
               start_thread
               entry_SYSCALL_64_after_hwframe
               do_syscall_64
               __x64_sys_exit
               do_exit
               mm_release
               do_futex
               futex_wake
               wake_up_q
               try_to_wake_up
               _raw_spin_lock_irqsave

     0.86%     0.00%  rw_us    [kernel.vmlinux]      [k] mm_release
            |
            ---mm_release
               do_futex
               futex_wake
               wake_up_q
               try_to_wake_up
               _raw_spin_lock_irqsave

     0.85%     0.00%  rw_us    [kernel.vmlinux]      [k] asm_exc_page_fault
            |
            ---asm_exc_page_fault
               exc_page_fault
               do_user_addr_fault

     0.85%     0.00%  rw_us    [kernel.vmlinux]      [k] exc_page_fault
            |
            ---exc_page_fault
               do_user_addr_fault

     0.85%     0.00%  rw_us    [kernel.vmlinux]      [k] do_user_addr_fault
            |          
             --0.85%--do_user_addr_fault

     0.82%     0.00%  rw_us    ld-linux-x86-64.so.2  [.] _dl_runtime_resolve_xsavec
            |
            ---_dl_runtime_resolve_xsavec
               _dl_fixup
               |          
                --0.79%--_dl_lookup_symbol_x
                          do_lookup_x
                          check_match
                          strcmp

     0.82%     0.03%  rw_us    ld-linux-x86-64.so.2  [.] _dl_fixup
            |          
             --0.79%--_dl_fixup
                       _dl_lookup_symbol_x
                       do_lookup_x
                       check_match
                       strcmp

     0.74%     0.00%  rw_us    libc.so.6             [.] rseq_register_current_thread (inlined)
            |
            ---rseq_register_current_thread (inlined)
               |          
                --0.73%--entry_SYSCALL_64_after_hwframe
                          do_syscall_64

     0.65%     0.65%  rw_us    [kernel.vmlinux]      [k] __msecs_to_jiffies
            |
            ---clone3
               start_thread
               writer_thread
               msleep
               usleep
               __GI___nanosleep (inlined)
               __GI___clock_nanosleep (inlined)
               entry_SYSCALL_64_after_hwframe
               do_syscall_64
               __x64_sys_clock_nanosleep
               common_nsleep
               hrtimer_nanosleep
               do_nanosleep
               schedule
               __schedule
               pick_next_task_fair
               newidle_balance
               __msecs_to_jiffies

     0.65%     0.65%  rw_us    [kernel.vmlinux]      [k] exit_signals
            |
            ---clone3
               start_thread
               entry_SYSCALL_64_after_hwframe
               do_syscall_64
               __x64_sys_exit
               do_exit
               exit_signals

     0.58%     0.58%  rw_us    [kernel.vmlinux]      [k] restore_fpregs_from_fpstate
            |
            ---clone3
               start_thread
               reader_thread
               msleep
               usleep
               __GI___nanosleep (inlined)
               __GI___clock_nanosleep (inlined)
               entry_SYSCALL_64_after_hwframe
               do_syscall_64
               syscall_exit_to_user_mode
               exit_to_user_mode_prepare
               switch_fpu_return
               restore_fpregs_from_fpstate

     0.58%     0.58%  rw_us    [kernel.vmlinux]      [k] futex_cleanup
            |
            ---clone3
               start_thread
               entry_SYSCALL_64_after_hwframe
               do_syscall_64
               __x64_sys_exit
               do_exit
               exit_mm_release
               futex_exit_release
               futex_cleanup

     0.58%     0.00%  rw_us    [kernel.vmlinux]      [k] exit_mm_release
            |
            ---exit_mm_release
               futex_exit_release
               futex_cleanup

     0.58%     0.00%  rw_us    [kernel.vmlinux]      [k] futex_exit_release
            |
            ---futex_exit_release
               futex_cleanup

     0.57%     0.57%  rw_us    [kernel.vmlinux]      [k] native_flush_tlb_one_user
            |
            ---entry_SYSCALL_64_after_hwframe
               do_syscall_64
               __x64_sys_execve
               do_execveat_common.isra.0
               bprm_execve
               load_elf_binary
               setup_arg_pages
               shift_arg_pages
               move_page_tables
               flush_tlb_mm_range
               flush_tlb_func
               native_flush_tlb_one_user

     0.57%     0.00%  rw_us    [kernel.vmlinux]      [k] move_page_tables
            |
            ---move_page_tables
               flush_tlb_mm_range
               flush_tlb_func
               native_flush_tlb_one_user

     0.57%     0.00%  rw_us    [kernel.vmlinux]      [k] flush_tlb_mm_range
            |
            ---flush_tlb_mm_range
               flush_tlb_func
               native_flush_tlb_one_user

     0.57%     0.00%  rw_us    [kernel.vmlinux]      [k] flush_tlb_func
            |
            ---flush_tlb_func
               native_flush_tlb_one_user

     0.57%     0.03%  rw_us    [kernel.vmlinux]      [k] _raw_spin_lock
            |          
             --0.53%--_raw_spin_lock
                       |          
                        --0.53%--__pv_queued_spin_lock_slowpath

     0.56%     0.56%  rw_us    [kernel.vmlinux]      [k] idle_cpu
            |
            ---clone3
               start_thread
               reader_thread
               msleep
               usleep
               __GI___nanosleep (inlined)
               __GI___clock_nanosleep (inlined)
               entry_SYSCALL_64_after_hwframe
               do_syscall_64
               __x64_sys_clock_nanosleep
               common_nsleep
               hrtimer_nanosleep
               do_nanosleep
               schedule
               __schedule
               pick_next_task_fair
               newidle_balance
               load_balance
               find_busiest_group
               update_sd_lb_stats.constprop.0
               idle_cpu

     0.56%     0.00%  rw_us    libc.so.6             [.] __pthread_rwlock_rdunlock (inlined)
            |
            ---__pthread_rwlock_rdunlock (inlined)
               futex_wake (inlined)
               entry_SYSCALL_64_after_hwframe
               do_syscall_64
               __x64_sys_futex
               do_futex
               futex_wake

     0.53%     0.53%  rw_us    [kernel.vmlinux]      [k] __pv_queued_spin_lock_slowpath
            |
            ---clone3
               start_thread
               reader_thread
               msleep
               usleep
               __GI___nanosleep (inlined)
               __GI___clock_nanosleep (inlined)
               entry_SYSCALL_64_after_hwframe
               do_syscall_64
               __x64_sys_clock_nanosleep
               common_nsleep
               hrtimer_nanosleep
               do_nanosleep
               schedule
               __schedule
               pick_next_task_fair
               newidle_balance
               load_balance
               _raw_spin_rq_lock_irqsave
               raw_spin_rq_lock_nested
               _raw_spin_lock
               __pv_queued_spin_lock_slowpath

     0.53%     0.00%  rw_us    [kernel.vmlinux]      [k] update_blocked_averages
            |
            ---update_blocked_averages
               update_rq_clock
               sched_clock_cpu
               kvm_sched_clock_read
               pvclock_clocksource_read

     0.53%     0.00%  rw_us    [kernel.vmlinux]      [k] _raw_spin_rq_lock_irqsave
            |
            ---_raw_spin_rq_lock_irqsave
               raw_spin_rq_lock_nested
               _raw_spin_lock
               __pv_queued_spin_lock_slowpath

     0.53%     0.00%  rw_us    [kernel.vmlinux]      [k] raw_spin_rq_lock_nested
            |
            ---raw_spin_rq_lock_nested
               _raw_spin_lock
               __pv_queued_spin_lock_slowpath

     0.52%     0.00%  rw_us    libc.so.6             [.] outstring_func (inlined)
            |
            ---outstring_func (inlined)
               done_add_func (inlined)

     0.52%     0.00%  rw_us    libc.so.6             [.] done_add_func (inlined)
            |
            ---done_add_func (inlined)

     0.47%     0.00%  rw_us    [kernel.vmlinux]      [k] up_read
     0.47%     0.00%  rw_us    [kernel.vmlinux]      [k] rwsem_wake.isra.0
     0.46%     0.00%  rw_us    [kernel.vmlinux]      [k] futex_wait_setup
     0.43%     0.43%  rw_us    [virtio_ring]         [k] virtqueue_disable_cb
     0.43%     0.43%  rw_us    [kernel.vmlinux]      [k] __memset
     0.43%     0.00%  rw_us    [kernel.vmlinux]      [k] finish_task_switch.isra.0
     0.43%     0.00%  rw_us    [kernel.vmlinux]      [k] asm_common_interrupt
     0.43%     0.00%  rw_us    [kernel.vmlinux]      [k] common_interrupt
     0.43%     0.00%  rw_us    [kernel.vmlinux]      [k] __irq_exit_rcu
     0.43%     0.00%  rw_us    [kernel.vmlinux]      [k] handle_softirqs
     0.43%     0.00%  rw_us    [kernel.vmlinux]      [k] net_rx_action
     0.43%     0.00%  rw_us    [kernel.vmlinux]      [k] __napi_poll
     0.43%     0.00%  rw_us    [virtio_net]          [k] virtnet_poll
     0.39%     0.39%  rw_us    [kernel.vmlinux]      [k] update_min_vruntime
     0.39%     0.39%  rw_us    [kernel.vmlinux]      [k] rb_insert_color
     0.39%     0.39%  rw_us    [kernel.vmlinux]      [k] get_nohz_timer_target
     0.39%     0.39%  rw_us    libc.so.6             [.] __resolv_context_freeres
     0.39%     0.00%  rw_us    libc.so.6             [.] __libc_thread_freeres
     0.39%     0.00%  rw_us    libc.so.6             [.] __res_thread_freeres
     0.38%     0.38%  rw_us    [kernel.vmlinux]      [k] native_write_msr
     0.37%     0.01%  rw_us    [kernel.vmlinux]      [k] handle_mm_fault
     0.36%     0.00%  rw_us    [kernel.vmlinux]      [k] __handle_mm_fault
     0.34%     0.18%  rw_us    [kernel.vmlinux]      [k] futex_get_value_locked
     0.32%     0.32%  rw_us    [kernel.vmlinux]      [k] filemap_map_pages
     0.32%     0.00%  rw_us    [kernel.vmlinux]      [k] do_fault
     0.30%     0.30%  rw_us    [kernel.vmlinux]      [k] plist_add
     0.30%     0.00%  rw_us    [kernel.vmlinux]      [k] __futex_queue
     0.29%     0.29%  rw_us    [kernel.vmlinux]      [k] syscall_enter_from_user_mode
     0.28%     0.28%  rw_us    [kernel.vmlinux]      [k] x86_pmu_disable
     0.24%     0.00%  rw_us    [kernel.vmlinux]      [k] ttwu_queue_wakelist
     0.24%     0.00%  rw_us    [kernel.vmlinux]      [k] send_call_function_single_ipi
     0.24%     0.03%  rw_us    [kernel.vmlinux]      [k] x2apic_send_IPI
     0.16%     0.00%  rw_us    [kernel.vmlinux]      [k] asm_sysvec_irq_work
     0.16%     0.00%  rw_us    [kernel.vmlinux]      [k] sysvec_irq_work
     0.16%     0.00%  rw_us    [kernel.vmlinux]      [k] __sysvec_irq_work
     0.16%     0.00%  rw_us    [kernel.vmlinux]      [k] irq_work_run
     0.16%     0.00%  rw_us    [kernel.vmlinux]      [k] irq_work_run_list
     0.16%     0.00%  rw_us    [kernel.vmlinux]      [k] irq_work_single
     0.16%     0.00%  rw_us    [kernel.vmlinux]      [k] perf_pending_irq
     0.16%     0.00%  rw_us    [kernel.vmlinux]      [k] perf_event_wakeup
     0.16%     0.00%  rw_us    [kernel.vmlinux]      [k] __wake_up_common_lock
     0.16%     0.00%  rw_us    [kernel.vmlinux]      [k] __wake_up_common
     0.16%     0.00%  rw_us    [kernel.vmlinux]      [k] pollwake
     0.16%     0.16%  rw_us    [kernel.vmlinux]      [k] __get_user_nocheck_4
     0.13%     0.13%  rw_us    libc.so.6             [.] pthread_rwlock_rdlock@GLIBC_2.2.5
     0.13%     0.00%  rw_us    libc.so.6             [.] ___pthread_rwlock_rdlock (inlined)
     0.13%     0.00%  rw_us    libc.so.6             [.] __pthread_rwlock_rdlock_full64 (inlined)
     0.12%     0.12%  rw_us    [kernel.vmlinux]      [k] get_futex_key
     0.06%     0.00%  rw_us    [kernel.vmlinux]      [k] memset
     0.05%     0.05%  rw_us    [kernel.vmlinux]      [k] syscall_exit_to_user_mode_prepare
     0.05%     0.00%  rw_us    [kernel.vmlinux]      [k] __perf_event__output_id_sample
     0.05%     0.00%  rw_us    [kernel.vmlinux]      [k] memcpy
     0.02%     0.02%  rw_us    [kernel.vmlinux]      [k] __raw_callee_save___kvm_vcpu_is_preempted
     0.02%     0.00%  rw_us    [kernel.vmlinux]      [k] select_task_rq_fair
     0.02%     0.00%  rw_us    [kernel.vmlinux]      [k] available_idle_cpu
     0.01%     0.01%  rw_us    [kernel.vmlinux]      [k] strlen
     0.01%     0.01%  rw_us    [kernel.vmlinux]      [k] __kasan_check_read
     0.01%     0.01%  rw_us    [kernel.vmlinux]      [k] vma_alloc_folio
     0.00%     0.00%  rw_us    [kernel.vmlinux]      [k] lock_mm_and_find_vma
     0.00%     0.00%  rw_us    [kernel.vmlinux]      [k] change_protection
     0.00%     0.00%  rw_us    [kernel.vmlinux]      [k] mt_find
     0.00%     0.00%  rw_us    [kernel.vmlinux]      [k] find_vma
     0.00%     0.00%  rw_us    [kernel.vmlinux]      [k] mtree_range_walk
     0.00%     0.00%  rw_us    [kernel.vmlinux]      [k] __mem_cgroup_charge
     0.00%     0.00%  rw_us    [kernel.vmlinux]      [k] try_charge_memcg
     0.00%     0.00%  rw_us    [kernel.vmlinux]      [k] charge_memcg
     0.00%     0.00%  rw_us    [kernel.vmlinux]      [k] pmd_page_vaddr
     0.00%     0.00%  rw_us    [kernel.vmlinux]      [k] down_read_killable
     0.00%     0.00%  rw_us    [kernel.vmlinux]      [k] rwsem_down_read_slowpath
     0.00%     0.00%  rw_us    [kernel.vmlinux]      [k] schedule_preempt_disabled
     0.00%     0.00%  rw_us    [kernel.vmlinux]      [k] page_add_new_anon_rmap
     0.00%     0.00%  rw_us    [kernel.vmlinux]      [k] llist_add_batch
     0.00%     0.00%  rw_us    [kernel.vmlinux]      [k] __smp_call_single_queue
     0.00%     0.00%  rw_us    [kernel.vmlinux]      [k] __x64_sys_rt_sigprocmask
     0.00%     0.00%  rw_us    [kernel.vmlinux]      [k] sigprocmask
     0.00%     0.00%  rw_us    [kernel.vmlinux]      [k] _raw_spin_lock_irq
     0.00%     0.00%  rw_us    [kernel.vmlinux]      [k] page_counter_try_charge
     0.00%     0.00%  rw_us    [kernel.vmlinux]      [k] folio_batch_add_and_move
     0.00%     0.00%  rw_us    [kernel.vmlinux]      [k] folio_add_lru
     0.00%     0.00%  rw_us    [kernel.vmlinux]      [k] drain_stock
     0.00%     0.00%  rw_us    [kernel.vmlinux]      [k] refill_stock
     0.00%     0.00%  rw_us    [kernel.vmlinux]      [k] __refill_stock
     0.00%     0.00%  rw_us    [kernel.vmlinux]      [k] vma_merge
     0.00%     0.00%  rw_us    [kernel.vmlinux]      [k] ret_from_fork
     0.00%     0.00%  rw_us    [kernel.vmlinux]      [k] recalc_sigpending
     0.00%     0.00%  rw_us    [kernel.vmlinux]      [k] calculate_sigpending
     0.00%     0.00%  rw_us    [kernel.vmlinux]      [k] __update_load_avg_cfs_rq
     0.00%     0.00%  rw_us    [kernel.vmlinux]      [k] update_cfs_group
     0.00%     0.00%  rw_us    [kernel.vmlinux]      [k] update_load_avg
     0.00%     0.00%  rw_us    [kernel.vmlinux]      [k] __list_del_entry_valid
     0.00%     0.00%  rw_us    [kernel.vmlinux]      [k] __rcu_read_unlock
     0.00%     0.00%  rw_us    [kernel.vmlinux]      [k] get_mem_cgroup_from_mm
     0.00%     0.00%  rw_us    [kernel.vmlinux]      [k] __folio_alloc
     0.00%     0.00%  rw_us    [kernel.vmlinux]      [k] __alloc_pages
     0.00%     0.00%  rw_us    [kernel.vmlinux]      [k] get_page_from_freelist
     0.00%     0.00%  rw_us    [kernel.vmlinux]      [k] reweight_entity
     0.00%     0.00%  perf-ex  [kernel.vmlinux]      [k] kasan_check_range
     0.00%     0.00%  rw_us    [kernel.vmlinux]      [k] blkcg_maybe_throttle_current
     0.00%     0.00%  perf-ex  [kernel.vmlinux]      [k] entry_SYSCALL_64_after_hwframe
     0.00%     0.00%  perf-ex  [kernel.vmlinux]      [k] do_syscall_64
     0.00%     0.00%  perf-ex  [kernel.vmlinux]      [k] __x64_sys_execve
     0.00%     0.00%  perf-ex  [kernel.vmlinux]      [k] do_execveat_common.isra.0
     0.00%     0.00%  perf-ex  [kernel.vmlinux]      [k] bprm_execve
     0.00%     0.00%  perf-ex  [kernel.vmlinux]      [k] load_elf_binary
     0.00%     0.00%  perf-ex  [kernel.vmlinux]      [k] begin_new_exec
     0.00%     0.00%  perf-ex  [kernel.vmlinux]      [k] perf_event_exec
     0.00%     0.00%  perf-ex  [kernel.vmlinux]      [k] _raw_spin_lock_irqsave


#
# (Tip: Treat branches as callchains: perf report --branch-history)
#
